store_id,item_id,wm_yr_wk,sell_price
WI_2,HOUSEHOLD_1_001,11400,10.05
WI_2,HOUSEHOLD_1_001,11401,10.05
WI_2,HOUSEHOLD_1_001,11402,10.05
WI_2,HOUSEHOLD_1_001,11403,10.05
WI_2,HOUSEHOLD_1_001,11404,10.05
WI_2,HOUSEHOLD_1_001,11405,10.05
WI_2,HOUSEHOLD_1_001,11406,10.05
WI_2,HOUSEHOLD_1_001,11407,10.05
WI_2,HOUSEHOLD_1_001,11408,10.05
WI_2,HOUSEHOLD_1_001,11409,10.05
WI_2,HOUSEHOLD_1_001,11410,10.05
WI_2,HOUSEHOLD_1_001,11411,10.05
WI_2,HOUSEHOLD_1_001,11412,10.05
WI_2,HOUSEHOLD_1_001,11413,10.05
WI_2,HOUSEHOLD_1_001,11414,10.05
WI_2,HOUSEHOLD_1_001,11415,10.05
WI_2,HOUSEHOLD_1_001,11416,10.05
WI_2,HOUSEHOLD_1_001,11417,10.05
WI_2,HOUSEHOLD_1_001,11418,10.05
WI_2,HOUSEHOLD_1_001,11419,10.05
WI_2,HOUSEHOLD_1_001,11420,10.05
WI_2,HOUSEHOLD_1_001,11421,10.05
WI_2,HOUSEHOLD_1_001,11422,10.05
WI_2,HOUSEHOLD_1_001,11423,10.05
WI_2,HOUSEHOLD_1_001,11424,10.05
WI_2,HOUSEHOLD_1_001,11425,10.05
WI_2,HOUSEHOLD_1_001,11426,10.05
WI_2,HOUSEHOLD_1_001,11427,10.05
WI_2,HOUSEHOLD_1_001,11428,10.05
WI_2,HOUSEHOLD_1_001,11429,10.05
WI_2,HOUSEHOLD_1_001,11430,10.05
WI_2,HOUSEHOLD_1_001,11431,10.05
WI_2,HOUSEHOLD_1_001,11432,10.05
WI_2,HOUSEHOLD_1_001,11433,10.05
WI_2,HOUSEHOLD_1_001,11434,10.05
WI_2,HOUSEHOLD_1_001,11435,10.05
WI_2,HOUSEHOLD_1_001,11436,10.05
WI_2,HOUSEHOLD_1_001,11437,10.05
WI_2,HOUSEHOLD_1_001,11438,10.05
WI_2,HOUSEHOLD_1_001,11439,10.05
WI_2,HOUSEHOLD_1_001,11440,10.05
WI_2,HOUSEHOLD_1_001,11441,10.05
WI_2,HOUSEHOLD_1_001,11442,10.05
WI_2,HOUSEHOLD_1_001,11443,10.05
WI_2,HOUSEHOLD_1_001,11444,10.05
WI_2,HOUSEHOLD_1_001,11445,10.05
WI_2,HOUSEHOLD_1_001,11446,10.05
WI_2,HOUSEHOLD_1_001,11447,10.05
WI_2,HOUSEHOLD_1_001,11448,10.05
WI_2,HOUSEHOLD_1_001,11449,10.05
WI_2,HOUSEHOLD_1_001,11450,10.05
WI_2,HOUSEHOLD_1_001,11451,10.05
WI_2,HOUSEHOLD_1_001,11452,10.05
WI_2,HOUSEHOLD_1_001,11453,10.05
WI_2,HOUSEHOLD_1_001,11454,10.05
WI_2,HOUSEHOLD_1_001,11455,10.05
WI_2,HOUSEHOLD_1_001,11456,10.05
WI_2,HOUSEHOLD_1_001,11457,10.05
CA_1,FOODS_1_002,11400,10.14
CA_1,FOODS_1_002,11401,10.14
CA_1,FOODS_1_002,11402,10.14
CA_1,FOODS_1_002,11403,10.14
CA_1,FOODS_1_002,11404,10.14
CA_1,FOODS_1_002,11405,10.14
CA_1,FOODS_1_002,11406,10.14
CA_1,FOODS_1_002,11407,10.14
CA_1,FOODS_1_002,11408,10.14
CA_1,FOODS_1_002,11409,10.14
CA_1,FOODS_1_002,11410,10.14
CA_1,FOODS_1_002,11411,10.14
CA_1,FOODS_1_002,11412,10.14
CA_1,FOODS_1_002,11413,10.14
CA_1,FOODS_1_002,11414,10.14
CA_1,FOODS_1_002,11415,10.14
CA_1,FOODS_1_002,11416,10.14
CA_1,FOODS_1_002,11417,10.14
CA_1,FOODS_1_002,11418,10.14
CA_1,FOODS_1_002,11419,10.14
CA_1,FOODS_1_002,11420,10.14
CA_1,FOODS_1_002,11421,10.14
CA_1,FOODS_1_002,11422,10.14
CA_1,FOODS_1_002,11423,10.14
CA_1,FOODS_1_002,11424,10.14
CA_1,FOODS_1_002,11425,10.14
CA_1,FOODS_1_002,11426,10.14
CA_1,FOODS_1_002,11427,10.14
CA_1,FOODS_1_002,11428,10.14
CA_1,FOODS_1_002,11429,10.14
CA_1,FOODS_1_002,11430,10.14
CA_1,FOODS_1_002,11431,10.14
CA_1,FOODS_1_002,11432,10.14
CA_1,FOODS_1_002,11433,10.14
CA_1,FOODS_1_002,11434,10.14
CA_1,FOODS_1_002,11435,10.14
CA_1,FOODS_1_002,11436,10.14
CA_1,FOODS_1_002,11437,10.14
CA_1,FOODS_1_002,11438,10.14
CA_1,FOODS_1_002,11439,10.14
CA_1,FOODS_1_002,11440,10.14
CA_1,FOODS_1_002,11441,10.14
CA_1,FOODS_1_002,11442,10.14
CA_1,FOODS_1_002,11443,10.14
CA_1,FOODS_1_002,11444,10.14
CA_1,FOODS_1_002,11445,10.14
CA_1,FOODS_1_002,11446,10.14
CA_1,FOODS_1_002,11447,10.14
CA_1,FOODS_1_002,11448,10.14
CA_1,FOODS_1_002,11449,10.14
CA_1,FOODS_1_002,11450,10.14
CA_1,FOODS_1_002,11451,10.14
CA_1,FOODS_1_002,11452,10.14
CA_1,FOODS_1_002,11453,10.14
CA_1,FOODS_1_002,11454,10.14
CA_1,FOODS_1_002,11455,10.14
CA_1,FOODS_1_002,11456,10.14
CA_1,FOODS_1_002,11457,10.14
CA_2,HOBBIES_1_003,11400,1.92
CA_2,HOBBIES_1_003,11401,1.92
CA_2,HOBBIES_1_003,11402,1.92
CA_2,HOBBIES_1_003,11403,1.92
CA_2,HOBBIES_1_003,11404,1.92
CA_2,HOBBIES_1_003,11405,1.92
CA_2,HOBBIES_1_003,11406,1.92
CA_2,HOBBIES_1_003,11407,1.92
CA_2,HOBBIES_1_003,11408,1.92
CA_2,HOBBIES_1_003,11409,1.92
CA_2,HOBBIES_1_003,11410,1.92
CA_2,HOBBIES_1_003,11411,1.92
CA_2,HOBBIES_1_003,11412,1.92
CA_2,HOBBIES_1_003,11413,1.92
CA_2,HOBBIES_1_003,11414,1.92
CA_2,HOBBIES_1_003,11415,1.92
CA_2,HOBBIES_1_003,11416,1.92
CA_2,HOBBIES_1_003,11417,1.92
CA_2,HOBBIES_1_003,11418,1.92
CA_2,HOBBIES_1_003,11419,1.92
CA_2,HOBBIES_1_003,11420,1.92
CA_2,HOBBIES_1_003,11421,1.92
CA_2,HOBBIES_1_003,11422,1.92
CA_2,HOBBIES_1_003,11423,1.92
CA_2,HOBBIES_1_003,11424,1.92
CA_2,HOBBIES_1_003,11425,1.92
CA_2,HOBBIES_1_003,11426,1.92
CA_2,HOBBIES_1_003,11427,1.92
CA_2,HOBBIES_1_003,11428,1.92
CA_2,HOBBIES_1_003,11429,1.92
CA_2,HOBBIES_1_003,11430,1.92
CA_2,HOBBIES_1_003,11431,1.92
CA_2,HOBBIES_1_003,11432,1.92
CA_2,HOBBIES_1_003,11433,1.92
CA_2,HOBBIES_1_003,11434,1.92
CA_2,HOBBIES_1_003,11435,1.92
CA_2,HOBBIES_1_003,11436,1.92
CA_2,HOBBIES_1_003,11437,1.92
CA_2,HOBBIES_1_003,11438,1.92
CA_2,HOBBIES_1_003,11439,1.92
CA_2,HOBBIES_1_003,11440,1.92
CA_2,HOBBIES_1_003,11441,1.92
CA_2,HOBBIES_1_003,11442,1.92
CA_2,HOBBIES_1_003,11443,1.92
CA_2,HOBBIES_1_003,11444,1.92
CA_2,HOBBIES_1_003,11445,1.92
CA_2,HOBBIES_1_003,11446,1.92
CA_2,HOBBIES_1_003,11447,1.92
CA_2,HOBBIES_1_003,11448,1.92
CA_2,HOBBIES_1_003,11449,1.92
CA_2,HOBBIES_1_003,11450,1.92
CA_2,HOBBIES_1_003,11451,1.92
CA_2,HOBBIES_1_003,11452,1.92
CA_2,HOBBIES_1_003,11453,1.92
CA_2,HOBBIES_1_003,11454,1.92
CA_2,HOBBIES_1_003,11455,1.92
CA_2,HOBBIES_1_003,11456,1.92
CA_2,HOBBIES_1_003,11457,1.92
WI_2,FOODS_2_004,11400,10.15
WI_2,FOODS_2_004,11401,10.15
WI_2,FOODS_2_004,11402,10.15
WI_2,FOODS_2_004,11403,10.15
WI_2,FOODS_2_004,11404,10.15
WI_2,FOODS_2_004,11405,10.15
WI_2,FOODS_2_004,11406,10.15
WI_2,FOODS_2_004,11407,10.15
WI_2,FOODS_2_004,11408,10.15
WI_2,FOODS_2_004,11409,10.15
WI_2,FOODS_2_004,11410,10.15
WI_2,FOODS_2_004,11411,10.15
WI_2,FOODS_2_004,11412,10.15
WI_2,FOODS_2_004,11413,10.15
WI_2,FOODS_2_004,11414,10.15
WI_2,FOODS_2_004,11415,10.15
WI_2,FOODS_2_004,11416,10.15
WI_2,FOODS_2_004,11417,10.15
WI_2,FOODS_2_004,11418,10.15
WI_2,FOODS_2_004,11419,10.15
WI_2,FOODS_2_004,11420,10.15
WI_2,FOODS_2_004,11421,10.15
WI_2,FOODS_2_004,11422,10.15
WI_2,FOODS_2_004,11423,10.15
WI_2,FOODS_2_004,11424,10.15
WI_2,FOODS_2_004,11425,10.15
WI_2,FOODS_2_004,11426,10.15
WI_2,FOODS_2_004,11427,10.15
WI_2,FOODS_2_004,11428,10.15
WI_2,FOODS_2_004,11429,10.15
WI_2,FOODS_2_004,11430,10.15
WI_2,FOODS_2_004,11431,10.15
WI_2,FOODS_2_004,11432,10.15
WI_2,FOODS_2_004,11433,10.15
WI_2,FOODS_2_004,11434,10.15
WI_2,FOODS_2_004,11435,10.15
WI_2,FOODS_2_004,11436,10.15
WI_2,FOODS_2_004,11437,10.15
WI_2,FOODS_2_004,11438,10.15
WI_2,FOODS_2_004,11439,10.15
WI_2,FOODS_2_004,11440,10.15
WI_2,FOODS_2_004,11441,10.15
WI_2,FOODS_2_004,11442,10.15
WI_2,FOODS_2_004,11443,10.15
WI_2,FOODS_2_004,11444,10.15
WI_2,FOODS_2_004,11445,10.15
WI_2,FOODS_2_004,11446,10.15
WI_2,FOODS_2_004,11447,10.15
WI_2,FOODS_2_004,11448,10.15
WI_2,FOODS_2_004,11449,10.15
WI_2,FOODS_2_004,11450,10.15
WI_2,FOODS_2_004,11451,10.15
WI_2,FOODS_2_004,11452,10.15
WI_2,FOODS_2_004,11453,10.15
WI_2,FOODS_2_004,11454,10.15
WI_2,FOODS_2_004,11455,10.15
WI_2,FOODS_2_004,11456,10.15
WI_2,FOODS_2_004,11457,10.15
CA_2,HOBBIES_1_005,11400,3.34
CA_2,HOBBIES_1_005,11401,3.34
CA_2,HOBBIES_1_005,11402,3.34
CA_2,HOBBIES_1_005,11403,3.34
CA_2,HOBBIES_1_005,11404,3.34
CA_2,HOBBIES_1_005,11405,3.34
CA_2,HOBBIES_1_005,11406,3.34
CA_2,HOBBIES_1_005,11407,3.34
CA_2,HOBBIES_1_005,11408,3.34
CA_2,HOBBIES_1_005,11409,3.34
CA_2,HOBBIES_1_005,11410,3.34
CA_2,HOBBIES_1_005,11411,3.34
CA_2,HOBBIES_1_005,11412,3.34
CA_2,HOBBIES_1_005,11413,3.34
CA_2,HOBBIES_1_005,11414,3.34
CA_2,HOBBIES_1_005,11415,3.34
CA_2,HOBBIES_1_005,11416,3.34
CA_2,HOBBIES_1_005,11417,3.34
CA_2,HOBBIES_1_005,11418,3.34
CA_2,HOBBIES_1_005,11419,3.34
CA_2,HOBBIES_1_005,11420,3.34
CA_2,HOBBIES_1_005,11421,3.34
CA_2,HOBBIES_1_005,11422,3.34
CA_2,HOBBIES_1_005,11423,3.34
CA_2,HOBBIES_1_005,11424,3.34
CA_2,HOBBIES_1_005,11425,3.34
CA_2,HOBBIES_1_005,11426,3.34
CA_2,HOBBIES_1_005,11427,3.34
CA_2,HOBBIES_1_005,11428,3.34
CA_2,HOBBIES_1_005,11429,3.34
CA_2,HOBBIES_1_005,11430,3.34
CA_2,HOBBIES_1_005,11431,3.34
CA_2,HOBBIES_1_005,11432,3.34
CA_2,HOBBIES_1_005,11433,3.34
CA_2,HOBBIES_1_005,11434,3.34
CA_2,HOBBIES_1_005,11435,3.34
CA_2,HOBBIES_1_005,11436,3.34
CA_2,HOBBIES_1_005,11437,3.34
CA_2,HOBBIES_1_005,11438,3.34
CA_2,HOBBIES_1_005,11439,3.34
CA_2,HOBBIES_1_005,11440,3.34
CA_2,HOBBIES_1_005,11441,3.34
CA_2,HOBBIES_1_005,11442,3.34
CA_2,HOBBIES_1_005,11443,3.34
CA_2,HOBBIES_1_005,11444,3.34
CA_2,HOBBIES_1_005,11445,3.34
CA_2,HOBBIES_1_005,11446,3.34
CA_2,HOBBIES_1_005,11447,3.34
CA_2,HOBBIES_1_005,11448,3.34
CA_2,HOBBIES_1_005,11449,3.34
CA_2,HOBBIES_1_005,11450,3.34
CA_2,HOBBIES_1_005,11451,3.34
CA_2,HOBBIES_1_005,11452,3.34
CA_2,HOBBIES_1_005,11453,3.34
CA_2,HOBBIES_1_005,11454,3.34
CA_2,HOBBIES_1_005,11455,3.34
CA_2,HOBBIES_1_005,11456,3.34
CA_2,HOBBIES_1_005,11457,3.34
WI_1,HOBBIES_1_006,11400,10.08
WI_1,HOBBIES_1_006,11401,10.08
WI_1,HOBBIES_1_006,11402,10.08
WI_1,HOBBIES_1_006,11403,10.08
WI_1,HOBBIES_1_006,11404,10.08
WI_1,HOBBIES_1_006,11405,10.08
WI_1,HOBBIES_1_006,11406,10.08
WI_1,HOBBIES_1_006,11407,10.08
WI_1,HOBBIES_1_006,11408,10.08
WI_1,HOBBIES_1_006,11409,10.08
WI_1,HOBBIES_1_006,11410,10.08
WI_1,HOBBIES_1_006,11411,10.08
WI_1,HOBBIES_1_006,11412,10.08
WI_1,HOBBIES_1_006,11413,10.08
WI_1,HOBBIES_1_006,11414,10.08
WI_1,HOBBIES_1_006,11415,10.08
WI_1,HOBBIES_1_006,11416,10.08
WI_1,HOBBIES_1_006,11417,10.08
WI_1,HOBBIES_1_006,11418,10.08
WI_1,HOBBIES_1_006,11419,10.08
WI_1,HOBBIES_1_006,11420,10.08
WI_1,HOBBIES_1_006,11421,10.08
WI_1,HOBBIES_1_006,11422,10.08
WI_1,HOBBIES_1_006,11423,10.08
WI_1,HOBBIES_1_006,11424,10.08
WI_1,HOBBIES_1_006,11425,10.08
WI_1,HOBBIES_1_006,11426,10.08
WI_1,HOBBIES_1_006,11427,10.08
WI_1,HOBBIES_1_006,11428,10.08
WI_1,HOBBIES_1_006,11429,10.08
WI_1,HOBBIES_1_006,11430,10.08
WI_1,HOBBIES_1_006,11431,10.08
WI_1,HOBBIES_1_006,11432,10.08
WI_1,HOBBIES_1_006,11433,10.08
WI_1,HOBBIES_1_006,11434,10.08
WI_1,HOBBIES_1_006,11435,10.08
WI_1,HOBBIES_1_006,11436,10.08
WI_1,HOBBIES_1_006,11437,10.08
WI_1,HOBBIES_1_006,11438,10.08
WI_1,HOBBIES_1_006,11439,10.08
WI_1,HOBBIES_1_006,11440,10.08
WI_1,HOBBIES_1_006,11441,10.08
WI_1,HOBBIES_1_006,11442,10.08
WI_1,HOBBIES_1_006,11443,10.08
WI_1,HOBBIES_1_006,11444,10.08
WI_1,HOBBIES_1_006,11445,10.08
WI_1,HOBBIES_1_006,11446,10.08
WI_1,HOBBIES_1_006,11447,10.08
WI_1,HOBBIES_1_006,11448,10.08
WI_1,HOBBIES_1_006,11449,10.08
WI_1,HOBBIES_1_006,11450,10.08
WI_1,HOBBIES_1_006,11451,10.08
WI_1,HOBBIES_1_006,11452,10.08
WI_1,HOBBIES_1_006,11453,10.08
WI_1,HOBBIES_1_006,11454,10.08
WI_1,HOBBIES_1_006,11455,10.08
WI_1,HOBBIES_1_006,11456,10.08
WI_1,HOBBIES_1_006,11457,10.08
CA_1,HOUSEHOLD_1_007,11400,5.66
CA_1,HOUSEHOLD_1_007,11401,5.66
CA_1,HOUSEHOLD_1_007,11402,5.66
CA_1,HOUSEHOLD_1_007,11403,5.66
CA_1,HOUSEHOLD_1_007,11404,5.66
CA_1,HOUSEHOLD_1_007,11405,5.66
CA_1,HOUSEHOLD_1_007,11406,5.66
CA_1,HOUSEHOLD_1_007,11407,5.66
CA_1,HOUSEHOLD_1_007,11408,5.66
CA_1,HOUSEHOLD_1_007,11409,5.66
CA_1,HOUSEHOLD_1_007,11410,5.66
CA_1,HOUSEHOLD_1_007,11411,5.66
CA_1,HOUSEHOLD_1_007,11412,5.66
CA_1,HOUSEHOLD_1_007,11413,5.66
CA_1,HOUSEHOLD_1_007,11414,5.66
CA_1,HOUSEHOLD_1_007,11415,5.66
CA_1,HOUSEHOLD_1_007,11416,5.66
CA_1,HOUSEHOLD_1_007,11417,5.66
CA_1,HOUSEHOLD_1_007,11418,5.66
CA_1,HOUSEHOLD_1_007,11419,5.66
CA_1,HOUSEHOLD_1_007,11420,5.66
CA_1,HOUSEHOLD_1_007,11421,5.66
CA_1,HOUSEHOLD_1_007,11422,5.66
CA_1,HOUSEHOLD_1_007,11423,5.66
CA_1,HOUSEHOLD_1_007,11424,5.66
CA_1,HOUSEHOLD_1_007,11425,5.66
CA_1,HOUSEHOLD_1_007,11426,5.66
CA_1,HOUSEHOLD_1_007,11427,5.66
CA_1,HOUSEHOLD_1_007,11428,5.66
CA_1,HOUSEHOLD_1_007,11429,5.66
CA_1,HOUSEHOLD_1_007,11430,5.66
CA_1,HOUSEHOLD_1_007,11431,5.66
CA_1,HOUSEHOLD_1_007,11432,5.66
CA_1,HOUSEHOLD_1_007,11433,5.66
CA_1,HOUSEHOLD_1_007,11434,5.66
CA_1,HOUSEHOLD_1_007,11435,5.66
CA_1,HOUSEHOLD_1_007,11436,5.66
CA_1,HOUSEHOLD_1_007,11437,5.66
CA_1,HOUSEHOLD_1_007,11438,5.66
CA_1,HOUSEHOLD_1_007,11439,5.66
CA_1,HOUSEHOLD_1_007,11440,5.66
CA_1,HOUSEHOLD_1_007,11441,5.66
CA_1,HOUSEHOLD_1_007,11442,5.66
CA_1,HOUSEHOLD_1_007,11443,5.66
CA_1,HOUSEHOLD_1_007,11444,5.66
CA_1,HOUSEHOLD_1_007,11445,5.66
CA_1,HOUSEHOLD_1_007,11446,5.66
CA_1,HOUSEHOLD_1_007,11447,5.66
CA_1,HOUSEHOLD_1_007,11448,5.66
CA_1,HOUSEHOLD_1_007,11449,5.66
CA_1,HOUSEHOLD_1_007,11450,5.66
CA_1,HOUSEHOLD_1_007,11451,5.66
CA_1,HOUSEHOLD_1_007,11452,5.66
CA_1,HOUSEHOLD_1_007,11453,5.66
CA_1,HOUSEHOLD_1_007,11454,5.66
CA_1,HOUSEHOLD_1_007,11455,5.66
CA_1,HOUSEHOLD_1_007,11456,5.66
CA_1,HOUSEHOLD_1_007,11457,5.66
TX_1,FOODS_2_008,11400,5.79
TX_1,FOODS_2_008,11401,5.79
TX_1,FOODS_2_008,11402,5.79
TX_1,FOODS_2_008,11403,5.79
TX_1,FOODS_2_008,11404,5.79
TX_1,FOODS_2_008,11405,5.79
TX_1,FOODS_2_008,11406,5.79
TX_1,FOODS_2_008,11407,5.79
TX_1,FOODS_2_008,11408,5.79
TX_1,FOODS_2_008,11409,5.79
TX_1,FOODS_2_008,11410,5.79
TX_1,FOODS_2_008,11411,5.79
TX_1,FOODS_2_008,11412,5.79
TX_1,FOODS_2_008,11413,5.79
TX_1,FOODS_2_008,11414,5.79
TX_1,FOODS_2_008,11415,5.79
TX_1,FOODS_2_008,11416,5.79
TX_1,FOODS_2_008,11417,5.79
TX_1,FOODS_2_008,11418,5.79
TX_1,FOODS_2_008,11419,5.79
TX_1,FOODS_2_008,11420,5.79
TX_1,FOODS_2_008,11421,5.79
TX_1,FOODS_2_008,11422,5.79
TX_1,FOODS_2_008,11423,5.79
TX_1,FOODS_2_008,11424,5.79
TX_1,FOODS_2_008,11425,5.79
TX_1,FOODS_2_008,11426,5.79
TX_1,FOODS_2_008,11427,5.79
TX_1,FOODS_2_008,11428,5.79
TX_1,FOODS_2_008,11429,5.79
TX_1,FOODS_2_008,11430,5.79
TX_1,FOODS_2_008,11431,5.79
TX_1,FOODS_2_008,11432,5.79
TX_1,FOODS_2_008,11433,5.79
TX_1,FOODS_2_008,11434,5.79
TX_1,FOODS_2_008,11435,5.79
TX_1,FOODS_2_008,11436,5.79
TX_1,FOODS_2_008,11437,5.79
TX_1,FOODS_2_008,11438,5.79
TX_1,FOODS_2_008,11439,5.79
TX_1,FOODS_2_008,11440,5.79
TX_1,FOODS_2_008,11441,5.79
TX_1,FOODS_2_008,11442,5.79
TX_1,FOODS_2_008,11443,5.79
TX_1,FOODS_2_008,11444,5.79
TX_1,FOODS_2_008,11445,5.79
TX_1,FOODS_2_008,11446,5.79
TX_1,FOODS_2_008,11447,5.79
TX_1,FOODS_2_008,11448,5.79
TX_1,FOODS_2_008,11449,5.79
TX_1,FOODS_2_008,11450,5.79
TX_1,FOODS_2_008,11451,5.79
TX_1,FOODS_2_008,11452,5.79
TX_1,FOODS_2_008,11453,5.79
TX_1,FOODS_2_008,11454,5.79
TX_1,FOODS_2_008,11455,5.79
TX_1,FOODS_2_008,11456,5.79
TX_1,FOODS_2_008,11457,5.79
TX_2,HOUSEHOLD_1_009,11400,3.18
TX_2,HOUSEHOLD_1_009,11401,3.18
TX_2,HOUSEHOLD_1_009,11402,3.18
TX_2,HOUSEHOLD_1_009,11403,3.18
TX_2,HOUSEHOLD_1_009,11404,3.18
TX_2,HOUSEHOLD_1_009,11405,3.18
TX_2,HOUSEHOLD_1_009,11406,3.18
TX_2,HOUSEHOLD_1_009,11407,3.18
TX_2,HOUSEHOLD_1_009,11408,3.18
TX_2,HOUSEHOLD_1_009,11409,3.18
TX_2,HOUSEHOLD_1_009,11410,3.18
TX_2,HOUSEHOLD_1_009,11411,3.18
TX_2,HOUSEHOLD_1_009,11412,3.18
TX_2,HOUSEHOLD_1_009,11413,3.18
TX_2,HOUSEHOLD_1_009,11414,3.18
TX_2,HOUSEHOLD_1_009,11415,3.18
TX_2,HOUSEHOLD_1_009,11416,3.18
TX_2,HOUSEHOLD_1_009,11417,3.18
TX_2,HOUSEHOLD_1_009,11418,3.18
TX_2,HOUSEHOLD_1_009,11419,3.18
TX_2,HOUSEHOLD_1_009,11420,3.18
TX_2,HOUSEHOLD_1_009,11421,3.18
TX_2,HOUSEHOLD_1_009,11422,3.18
TX_2,HOUSEHOLD_1_009,11423,3.18
TX_2,HOUSEHOLD_1_009,11424,3.18
TX_2,HOUSEHOLD_1_009,11425,3.18
TX_2,HOUSEHOLD_1_009,11426,3.18
TX_2,HOUSEHOLD_1_009,11427,3.18
TX_2,HOUSEHOLD_1_009,11428,3.18
TX_2,HOUSEHOLD_1_009,11429,3.18
TX_2,HOUSEHOLD_1_009,11430,3.18
TX_2,HOUSEHOLD_1_009,11431,3.18
TX_2,HOUSEHOLD_1_009,11432,3.18
TX_2,HOUSEHOLD_1_009,11433,3.18
TX_2,HOUSEHOLD_1_009,11434,3.18
TX_2,HOUSEHOLD_1_009,11435,3.18
TX_2,HOUSEHOLD_1_009,11436,3.18
TX_2,HOUSEHOLD_1_009,11437,3.18
TX_2,HOUSEHOLD_1_009,11438,3.18
TX_2,HOUSEHOLD_1_009,11439,3.18
TX_2,HOUSEHOLD_1_009,11440,3.18
TX_2,HOUSEHOLD_1_009,11441,3.18
TX_2,HOUSEHOLD_1_009,11442,3.18
TX_2,HOUSEHOLD_1_009,11443,3.18
TX_2,HOUSEHOLD_1_009,11444,3.18
TX_2,HOUSEHOLD_1_009,11445,3.18
TX_2,HOUSEHOLD_1_009,11446,3.18
TX_2,HOUSEHOLD_1_009,11447,3.18
TX_2,HOUSEHOLD_1_009,11448,3.18
TX_2,HOUSEHOLD_1_009,11449,3.18
TX_2,HOUSEHOLD_1_009,11450,3.18
TX_2,HOUSEHOLD_1_009,11451,3.18
TX_2,HOUSEHOLD_1_009,11452,3.18
TX_2,HOUSEHOLD_1_009,11453,3.18
TX_2,HOUSEHOLD_1_009,11454,3.18
TX_2,HOUSEHOLD_1_009,11455,3.18
TX_2,HOUSEHOLD_1_009,11456,3.18
TX_2,HOUSEHOLD_1_009,11457,3.18
TX_2,FOODS_2_010,11400,4.48
TX_2,FOODS_2_010,11401,4.48
TX_2,FOODS_2_010,11402,4.48
TX_2,FOODS_2_010,11403,4.48
TX_2,FOODS_2_010,11404,4.48
TX_2,FOODS_2_010,11405,4.48
TX_2,FOODS_2_010,11406,4.48
TX_2,FOODS_2_010,11407,4.48
TX_2,FOODS_2_010,11408,4.48
TX_2,FOODS_2_010,11409,4.48
TX_2,FOODS_2_010,11410,4.48
TX_2,FOODS_2_010,11411,4.48
TX_2,FOODS_2_010,11412,4.48
TX_2,FOODS_2_010,11413,4.48
TX_2,FOODS_2_010,11414,4.48
TX_2,FOODS_2_010,11415,4.48
TX_2,FOODS_2_010,11416,4.48
TX_2,FOODS_2_010,11417,4.48
TX_2,FOODS_2_010,11418,4.48
TX_2,FOODS_2_010,11419,4.48
TX_2,FOODS_2_010,11420,4.48
TX_2,FOODS_2_010,11421,4.48
TX_2,FOODS_2_010,11422,4.48
TX_2,FOODS_2_010,11423,4.48
TX_2,FOODS_2_010,11424,4.48
TX_2,FOODS_2_010,11425,4.48
TX_2,FOODS_2_010,11426,4.48
TX_2,FOODS_2_010,11427,4.48
TX_2,FOODS_2_010,11428,4.48
TX_2,FOODS_2_010,11429,4.48
TX_2,FOODS_2_010,11430,4.48
TX_2,FOODS_2_010,11431,4.48
TX_2,FOODS_2_010,11432,4.48
TX_2,FOODS_2_010,11433,4.48
TX_2,FOODS_2_010,11434,4.48
TX_2,FOODS_2_010,11435,4.48
TX_2,FOODS_2_010,11436,4.48
TX_2,FOODS_2_010,11437,4.48
TX_2,FOODS_2_010,11438,4.48
TX_2,FOODS_2_010,11439,4.48
TX_2,FOODS_2_010,11440,4.48
TX_2,FOODS_2_010,11441,4.48
TX_2,FOODS_2_010,11442,4.48
TX_2,FOODS_2_010,11443,4.48
TX_2,FOODS_2_010,11444,4.48
TX_2,FOODS_2_010,11445,4.48
TX_2,FOODS_2_010,11446,4.48
TX_2,FOODS_2_010,11447,4.48
TX_2,FOODS_2_010,11448,4.48
TX_2,FOODS_2_010,11449,4.48
TX_2,FOODS_2_010,11450,4.48
TX_2,FOODS_2_010,11451,4.48
TX_2,FOODS_2_010,11452,4.48
TX_2,FOODS_2_010,11453,4.48
TX_2,FOODS_2_010,11454,4.48
TX_2,FOODS_2_010,11455,4.48
TX_2,FOODS_2_010,11456,4.48
TX_2,FOODS_2_010,11457,4.48
CA_1,FOODS_2_011,11400,7.71
CA_1,FOODS_2_011,11401,7.71
CA_1,FOODS_2_011,11402,7.71
CA_1,FOODS_2_011,11403,7.71
CA_1,FOODS_2_011,11404,7.71
CA_1,FOODS_2_011,11405,7.71
CA_1,FOODS_2_011,11406,7.71
CA_1,FOODS_2_011,11407,7.71
CA_1,FOODS_2_011,11408,7.71
CA_1,FOODS_2_011,11409,7.71
CA_1,FOODS_2_011,11410,7.71
CA_1,FOODS_2_011,11411,7.71
CA_1,FOODS_2_011,11412,7.71
CA_1,FOODS_2_011,11413,7.71
CA_1,FOODS_2_011,11414,7.71
CA_1,FOODS_2_011,11415,7.71
CA_1,FOODS_2_011,11416,7.71
CA_1,FOODS_2_011,11417,7.71
CA_1,FOODS_2_011,11418,7.71
CA_1,FOODS_2_011,11419,7.71
CA_1,FOODS_2_011,11420,7.71
CA_1,FOODS_2_011,11421,7.71
CA_1,FOODS_2_011,11422,7.71
CA_1,FOODS_2_011,11423,7.71
CA_1,FOODS_2_011,11424,7.71
CA_1,FOODS_2_011,11425,7.71
CA_1,FOODS_2_011,11426,7.71
CA_1,FOODS_2_011,11427,7.71
CA_1,FOODS_2_011,11428,7.71
CA_1,FOODS_2_011,11429,7.71
CA_1,FOODS_2_011,11430,7.71
CA_1,FOODS_2_011,11431,7.71
CA_1,FOODS_2_011,11432,7.71
CA_1,FOODS_2_011,11433,7.71
CA_1,FOODS_2_011,11434,7.71
CA_1,FOODS_2_011,11435,7.71
CA_1,FOODS_2_011,11436,7.71
CA_1,FOODS_2_011,11437,7.71
CA_1,FOODS_2_011,11438,7.71
CA_1,FOODS_2_011,11439,7.71
CA_1,FOODS_2_011,11440,7.71
CA_1,FOODS_2_011,11441,7.71
CA_1,FOODS_2_011,11442,7.71
CA_1,FOODS_2_011,11443,7.71
CA_1,FOODS_2_011,11444,7.71
CA_1,FOODS_2_011,11445,7.71
CA_1,FOODS_2_011,11446,7.71
CA_1,FOODS_2_011,11447,7.71
CA_1,FOODS_2_011,11448,7.71
CA_1,FOODS_2_011,11449,7.71
CA_1,FOODS_2_011,11450,7.71
CA_1,FOODS_2_011,11451,7.71
CA_1,FOODS_2_011,11452,7.71
CA_1,FOODS_2_011,11453,7.71
CA_1,FOODS_2_011,11454,7.71
CA_1,FOODS_2_011,11455,7.71
CA_1,FOODS_2_011,11456,7.71
CA_1,FOODS_2_011,11457,7.71
WI_2,HOBBIES_1_012,11400,11.93
WI_2,HOBBIES_1_012,11401,11.93
WI_2,HOBBIES_1_012,11402,11.93
WI_2,HOBBIES_1_012,11403,11.93
WI_2,HOBBIES_1_012,11404,11.93
WI_2,HOBBIES_1_012,11405,11.93
WI_2,HOBBIES_1_012,11406,11.93
WI_2,HOBBIES_1_012,11407,11.93
WI_2,HOBBIES_1_012,11408,11.93
WI_2,HOBBIES_1_012,11409,11.93
WI_2,HOBBIES_1_012,11410,11.93
WI_2,HOBBIES_1_012,11411,11.93
WI_2,HOBBIES_1_012,11412,11.93
WI_2,HOBBIES_1_012,11413,11.93
WI_2,HOBBIES_1_012,11414,11.93
WI_2,HOBBIES_1_012,11415,11.93
WI_2,HOBBIES_1_012,11416,11.93
WI_2,HOBBIES_1_012,11417,11.93
WI_2,HOBBIES_1_012,11418,11.93
WI_2,HOBBIES_1_012,11419,11.93
WI_2,HOBBIES_1_012,11420,11.93
WI_2,HOBBIES_1_012,11421,11.93
WI_2,HOBBIES_1_012,11422,11.93
WI_2,HOBBIES_1_012,11423,11.93
WI_2,HOBBIES_1_012,11424,11.93
WI_2,HOBBIES_1_012,11425,11.93
WI_2,HOBBIES_1_012,11426,11.93
WI_2,HOBBIES_1_012,11427,11.93
WI_2,HOBBIES_1_012,11428,11.93
WI_2,HOBBIES_1_012,11429,11.93
WI_2,HOBBIES_1_012,11430,11.93
WI_2,HOBBIES_1_012,11431,11.93
WI_2,HOBBIES_1_012,11432,11.93
WI_2,HOBBIES_1_012,11433,11.93
WI_2,HOBBIES_1_012,11434,11.93
WI_2,HOBBIES_1_012,11435,11.93
WI_2,HOBBIES_1_012,11436,11.93
WI_2,HOBBIES_1_012,11437,11.93
WI_2,HOBBIES_1_012,11438,11.93
WI_2,HOBBIES_1_012,11439,11.93
WI_2,HOBBIES_1_012,11440,11.93
WI_2,HOBBIES_1_012,11441,11.93
WI_2,HOBBIES_1_012,11442,11.93
WI_2,HOBBIES_1_012,11443,11.93
WI_2,HOBBIES_1_012,11444,11.93
WI_2,HOBBIES_1_012,11445,11.93
WI_2,HOBBIES_1_012,11446,11.93
WI_2,HOBBIES_1_012,11447,11.93
WI_2,HOBBIES_1_012,11448,11.93
WI_2,HOBBIES_1_012,11449,11.93
WI_2,HOBBIES_1_012,11450,11.93
WI_2,HOBBIES_1_012,11451,11.93
WI_2,HOBBIES_1_012,11452,11.93
WI_2,HOBBIES_1_012,11453,11.93
WI_2,HOBBIES_1_012,11454,11.93
WI_2,HOBBIES_1_012,11455,11.93
WI_2,HOBBIES_1_012,11456,11.93
WI_2,HOBBIES_1_012,11457,11.93
WI_1,HOBBIES_1_013,11400,6.11
WI_1,HOBBIES_1_013,11401,6.11
WI_1,HOBBIES_1_013,11402,6.11
WI_1,HOBBIES_1_013,11403,6.11
WI_1,HOBBIES_1_013,11404,6.11
WI_1,HOBBIES_1_013,11405,6.11
WI_1,HOBBIES_1_013,11406,6.11
WI_1,HOBBIES_1_013,11407,6.11
WI_1,HOBBIES_1_013,11408,6.11
WI_1,HOBBIES_1_013,11409,6.11
WI_1,HOBBIES_1_013,11410,6.11
WI_1,HOBBIES_1_013,11411,6.11
WI_1,HOBBIES_1_013,11412,6.11
WI_1,HOBBIES_1_013,11413,6.11
WI_1,HOBBIES_1_013,11414,6.11
WI_1,HOBBIES_1_013,11415,6.11
WI_1,HOBBIES_1_013,11416,6.11
WI_1,HOBBIES_1_013,11417,6.11
WI_1,HOBBIES_1_013,11418,6.11
WI_1,HOBBIES_1_013,11419,6.11
WI_1,HOBBIES_1_013,11420,6.11
WI_1,HOBBIES_1_013,11421,6.11
WI_1,HOBBIES_1_013,11422,6.11
WI_1,HOBBIES_1_013,11423,6.11
WI_1,HOBBIES_1_013,11424,6.11
WI_1,HOBBIES_1_013,11425,6.11
WI_1,HOBBIES_1_013,11426,6.11
WI_1,HOBBIES_1_013,11427,6.11
WI_1,HOBBIES_1_013,11428,6.11
WI_1,HOBBIES_1_013,11429,6.11
WI_1,HOBBIES_1_013,11430,6.11
WI_1,HOBBIES_1_013,11431,6.11
WI_1,HOBBIES_1_013,11432,6.11
WI_1,HOBBIES_1_013,11433,6.11
WI_1,HOBBIES_1_013,11434,6.11
WI_1,HOBBIES_1_013,11435,6.11
WI_1,HOBBIES_1_013,11436,6.11
WI_1,HOBBIES_1_013,11437,6.11
WI_1,HOBBIES_1_013,11438,6.11
WI_1,HOBBIES_1_013,11439,6.11
WI_1,HOBBIES_1_013,11440,6.11
WI_1,HOBBIES_1_013,11441,6.11
WI_1,HOBBIES_1_013,11442,6.11
WI_1,HOBBIES_1_013,11443,6.11
WI_1,HOBBIES_1_013,11444,6.11
WI_1,HOBBIES_1_013,11445,6.11
WI_1,HOBBIES_1_013,11446,6.11
WI_1,HOBBIES_1_013,11447,6.11
WI_1,HOBBIES_1_013,11448,6.11
WI_1,HOBBIES_1_013,11449,6.11
WI_1,HOBBIES_1_013,11450,6.11
WI_1,HOBBIES_1_013,11451,6.11
WI_1,HOBBIES_1_013,11452,6.11
WI_1,HOBBIES_1_013,11453,6.11
WI_1,HOBBIES_1_013,11454,6.11
WI_1,HOBBIES_1_013,11455,6.11
WI_1,HOBBIES_1_013,11456,6.11
WI_1,HOBBIES_1_013,11457,6.11
CA_1,HOUSEHOLD_1_014,11400,3.12
CA_1,HOUSEHOLD_1_014,11401,3.12
CA_1,HOUSEHOLD_1_014,11402,3.12
CA_1,HOUSEHOLD_1_014,11403,3.12
CA_1,HOUSEHOLD_1_014,11404,3.12
CA_1,HOUSEHOLD_1_014,11405,3.12
CA_1,HOUSEHOLD_1_014,11406,3.12
CA_1,HOUSEHOLD_1_014,11407,3.12
CA_1,HOUSEHOLD_1_014,11408,3.12
CA_1,HOUSEHOLD_1_014,11409,3.12
CA_1,HOUSEHOLD_1_014,11410,3.12
CA_1,HOUSEHOLD_1_014,11411,3.12
CA_1,HOUSEHOLD_1_014,11412,3.12
CA_1,HOUSEHOLD_1_014,11413,3.12
CA_1,HOUSEHOLD_1_014,11414,3.12
CA_1,HOUSEHOLD_1_014,11415,3.12
CA_1,HOUSEHOLD_1_014,11416,3.12
CA_1,HOUSEHOLD_1_014,11417,3.12
CA_1,HOUSEHOLD_1_014,11418,3.12
CA_1,HOUSEHOLD_1_014,11419,3.12
CA_1,HOUSEHOLD_1_014,11420,3.12
CA_1,HOUSEHOLD_1_014,11421,3.12
CA_1,HOUSEHOLD_1_014,11422,3.12
CA_1,HOUSEHOLD_1_014,11423,3.12
CA_1,HOUSEHOLD_1_014,11424,3.12
CA_1,HOUSEHOLD_1_014,11425,3.12
CA_1,HOUSEHOLD_1_014,11426,3.12
CA_1,HOUSEHOLD_1_014,11427,3.12
CA_1,HOUSEHOLD_1_014,11428,3.12
CA_1,HOUSEHOLD_1_014,11429,3.12
CA_1,HOUSEHOLD_1_014,11430,3.12
CA_1,HOUSEHOLD_1_014,11431,3.12
CA_1,HOUSEHOLD_1_014,11432,3.12
CA_1,HOUSEHOLD_1_014,11433,3.12
CA_1,HOUSEHOLD_1_014,11434,3.12
CA_1,HOUSEHOLD_1_014,11435,3.12
CA_1,HOUSEHOLD_1_014,11436,3.12
CA_1,HOUSEHOLD_1_014,11437,3.12
CA_1,HOUSEHOLD_1_014,11438,3.12
CA_1,HOUSEHOLD_1_014,11439,3.12
CA_1,HOUSEHOLD_1_014,11440,3.12
CA_1,HOUSEHOLD_1_014,11441,3.12
CA_1,HOUSEHOLD_1_014,11442,3.12
CA_1,HOUSEHOLD_1_014,11443,3.12
CA_1,HOUSEHOLD_1_014,11444,3.12
CA_1,HOUSEHOLD_1_014,11445,3.12
CA_1,HOUSEHOLD_1_014,11446,3.12
CA_1,HOUSEHOLD_1_014,11447,3.12
CA_1,HOUSEHOLD_1_014,11448,3.12
CA_1,HOUSEHOLD_1_014,11449,3.12
CA_1,HOUSEHOLD_1_014,11450,3.12
CA_1,HOUSEHOLD_1_014,11451,3.12
CA_1,HOUSEHOLD_1_014,11452,3.12
CA_1,HOUSEHOLD_1_014,11453,3.12
CA_1,HOUSEHOLD_1_014,11454,3.12
CA_1,HOUSEHOLD_1_014,11455,3.12
CA_1,HOUSEHOLD_1_014,11456,3.12
CA_1,HOUSEHOLD_1_014,11457,3.12
WI_2,HOBBIES_1_015,11400,9.0
WI_2,HOBBIES_1_015,11401,9.0
WI_2,HOBBIES_1_015,11402,9.0
WI_2,HOBBIES_1_015,11403,9.0
WI_2,HOBBIES_1_015,11404,9.0
WI_2,HOBBIES_1_015,11405,9.0
WI_2,HOBBIES_1_015,11406,9.0
WI_2,HOBBIES_1_015,11407,9.0
WI_2,HOBBIES_1_015,11408,9.0
WI_2,HOBBIES_1_015,11409,9.0
WI_2,HOBBIES_1_015,11410,9.0
WI_2,HOBBIES_1_015,11411,9.0
WI_2,HOBBIES_1_015,11412,9.0
WI_2,HOBBIES_1_015,11413,9.0
WI_2,HOBBIES_1_015,11414,9.0
WI_2,HOBBIES_1_015,11415,9.0
WI_2,HOBBIES_1_015,11416,9.0
WI_2,HOBBIES_1_015,11417,9.0
WI_2,HOBBIES_1_015,11418,9.0
WI_2,HOBBIES_1_015,11419,9.0
WI_2,HOBBIES_1_015,11420,9.0
WI_2,HOBBIES_1_015,11421,9.0
WI_2,HOBBIES_1_015,11422,9.0
WI_2,HOBBIES_1_015,11423,9.0
WI_2,HOBBIES_1_015,11424,9.0
WI_2,HOBBIES_1_015,11425,9.0
WI_2,HOBBIES_1_015,11426,9.0
WI_2,HOBBIES_1_015,11427,9.0
WI_2,HOBBIES_1_015,11428,9.0
WI_2,HOBBIES_1_015,11429,9.0
WI_2,HOBBIES_1_015,11430,9.0
WI_2,HOBBIES_1_015,11431,9.0
WI_2,HOBBIES_1_015,11432,9.0
WI_2,HOBBIES_1_015,11433,9.0
WI_2,HOBBIES_1_015,11434,9.0
WI_2,HOBBIES_1_015,11435,9.0
WI_2,HOBBIES_1_015,11436,9.0
WI_2,HOBBIES_1_015,11437,9.0
WI_2,HOBBIES_1_015,11438,9.0
WI_2,HOBBIES_1_015,11439,9.0
WI_2,HOBBIES_1_015,11440,9.0
WI_2,HOBBIES_1_015,11441,9.0
WI_2,HOBBIES_1_015,11442,9.0
WI_2,HOBBIES_1_015,11443,9.0
WI_2,HOBBIES_1_015,11444,9.0
WI_2,HOBBIES_1_015,11445,9.0
WI_2,HOBBIES_1_015,11446,9.0
WI_2,HOBBIES_1_015,11447,9.0
WI_2,HOBBIES_1_015,11448,9.0
WI_2,HOBBIES_1_015,11449,9.0
WI_2,HOBBIES_1_015,11450,9.0
WI_2,HOBBIES_1_015,11451,9.0
WI_2,HOBBIES_1_015,11452,9.0
WI_2,HOBBIES_1_015,11453,9.0
WI_2,HOBBIES_1_015,11454,9.0
WI_2,HOBBIES_1_015,11455,9.0
WI_2,HOBBIES_1_015,11456,9.0
WI_2,HOBBIES_1_015,11457,9.0
TX_1,FOODS_1_016,11400,3.85
TX_1,FOODS_1_016,11401,3.85
TX_1,FOODS_1_016,11402,3.85
TX_1,FOODS_1_016,11403,3.85
TX_1,FOODS_1_016,11404,3.85
TX_1,FOODS_1_016,11405,3.85
TX_1,FOODS_1_016,11406,3.85
TX_1,FOODS_1_016,11407,3.85
TX_1,FOODS_1_016,11408,3.85
TX_1,FOODS_1_016,11409,3.85
TX_1,FOODS_1_016,11410,3.85
TX_1,FOODS_1_016,11411,3.85
TX_1,FOODS_1_016,11412,3.85
TX_1,FOODS_1_016,11413,3.85
TX_1,FOODS_1_016,11414,3.85
TX_1,FOODS_1_016,11415,3.85
TX_1,FOODS_1_016,11416,3.85
TX_1,FOODS_1_016,11417,3.85
TX_1,FOODS_1_016,11418,3.85
TX_1,FOODS_1_016,11419,3.85
TX_1,FOODS_1_016,11420,3.85
TX_1,FOODS_1_016,11421,3.85
TX_1,FOODS_1_016,11422,3.85
TX_1,FOODS_1_016,11423,3.85
TX_1,FOODS_1_016,11424,3.85
TX_1,FOODS_1_016,11425,3.85
TX_1,FOODS_1_016,11426,3.85
TX_1,FOODS_1_016,11427,3.85
TX_1,FOODS_1_016,11428,3.85
TX_1,FOODS_1_016,11429,3.85
TX_1,FOODS_1_016,11430,3.85
TX_1,FOODS_1_016,11431,3.85
TX_1,FOODS_1_016,11432,3.85
TX_1,FOODS_1_016,11433,3.85
TX_1,FOODS_1_016,11434,3.85
TX_1,FOODS_1_016,11435,3.85
TX_1,FOODS_1_016,11436,3.85
TX_1,FOODS_1_016,11437,3.85
TX_1,FOODS_1_016,11438,3.85
TX_1,FOODS_1_016,11439,3.85
TX_1,FOODS_1_016,11440,3.85
TX_1,FOODS_1_016,11441,3.85
TX_1,FOODS_1_016,11442,3.85
TX_1,FOODS_1_016,11443,3.85
TX_1,FOODS_1_016,11444,3.85
TX_1,FOODS_1_016,11445,3.85
TX_1,FOODS_1_016,11446,3.85
TX_1,FOODS_1_016,11447,3.85
TX_1,FOODS_1_016,11448,3.85
TX_1,FOODS_1_016,11449,3.85
TX_1,FOODS_1_016,11450,3.85
TX_1,FOODS_1_016,11451,3.85
TX_1,FOODS_1_016,11452,3.85
TX_1,FOODS_1_016,11453,3.85
TX_1,FOODS_1_016,11454,3.85
TX_1,FOODS_1_016,11455,3.85
TX_1,FOODS_1_016,11456,3.85
TX_1,FOODS_1_016,11457,3.85
CA_1,HOBBIES_1_017,11400,8.59
CA_1,HOBBIES_1_017,11401,8.59
CA_1,HOBBIES_1_017,11402,8.59
CA_1,HOBBIES_1_017,11403,8.59
CA_1,HOBBIES_1_017,11404,8.59
CA_1,HOBBIES_1_017,11405,8.59
CA_1,HOBBIES_1_017,11406,8.59
CA_1,HOBBIES_1_017,11407,8.59
CA_1,HOBBIES_1_017,11408,8.59
CA_1,HOBBIES_1_017,11409,8.59
CA_1,HOBBIES_1_017,11410,8.59
CA_1,HOBBIES_1_017,11411,8.59
CA_1,HOBBIES_1_017,11412,8.59
CA_1,HOBBIES_1_017,11413,8.59
CA_1,HOBBIES_1_017,11414,8.59
CA_1,HOBBIES_1_017,11415,8.59
CA_1,HOBBIES_1_017,11416,8.59
CA_1,HOBBIES_1_017,11417,8.59
CA_1,HOBBIES_1_017,11418,8.59
CA_1,HOBBIES_1_017,11419,8.59
CA_1,HOBBIES_1_017,11420,8.59
CA_1,HOBBIES_1_017,11421,8.59
CA_1,HOBBIES_1_017,11422,8.59
CA_1,HOBBIES_1_017,11423,8.59
CA_1,HOBBIES_1_017,11424,8.59
CA_1,HOBBIES_1_017,11425,8.59
CA_1,HOBBIES_1_017,11426,8.59
CA_1,HOBBIES_1_017,11427,8.59
CA_1,HOBBIES_1_017,11428,8.59
CA_1,HOBBIES_1_017,11429,8.59
CA_1,HOBBIES_1_017,11430,8.59
CA_1,HOBBIES_1_017,11431,8.59
CA_1,HOBBIES_1_017,11432,8.59
CA_1,HOBBIES_1_017,11433,8.59
CA_1,HOBBIES_1_017,11434,8.59
CA_1,HOBBIES_1_017,11435,8.59
CA_1,HOBBIES_1_017,11436,8.59
CA_1,HOBBIES_1_017,11437,8.59
CA_1,HOBBIES_1_017,11438,8.59
CA_1,HOBBIES_1_017,11439,8.59
CA_1,HOBBIES_1_017,11440,8.59
CA_1,HOBBIES_1_017,11441,8.59
CA_1,HOBBIES_1_017,11442,8.59
CA_1,HOBBIES_1_017,11443,8.59
CA_1,HOBBIES_1_017,11444,8.59
CA_1,HOBBIES_1_017,11445,8.59
CA_1,HOBBIES_1_017,11446,8.59
CA_1,HOBBIES_1_017,11447,8.59
CA_1,HOBBIES_1_017,11448,8.59
CA_1,HOBBIES_1_017,11449,8.59
CA_1,HOBBIES_1_017,11450,8.59
CA_1,HOBBIES_1_017,11451,8.59
CA_1,HOBBIES_1_017,11452,8.59
CA_1,HOBBIES_1_017,11453,8.59
CA_1,HOBBIES_1_017,11454,8.59
CA_1,HOBBIES_1_017,11455,8.59
CA_1,HOBBIES_1_017,11456,8.59
CA_1,HOBBIES_1_017,11457,8.59
WI_2,FOODS_2_018,11400,9.85
WI_2,FOODS_2_018,11401,9.85
WI_2,FOODS_2_018,11402,9.85
WI_2,FOODS_2_018,11403,9.85
WI_2,FOODS_2_018,11404,9.85
WI_2,FOODS_2_018,11405,9.85
WI_2,FOODS_2_018,11406,9.85
WI_2,FOODS_2_018,11407,9.85
WI_2,FOODS_2_018,11408,9.85
WI_2,FOODS_2_018,11409,9.85
WI_2,FOODS_2_018,11410,9.85
WI_2,FOODS_2_018,11411,9.85
WI_2,FOODS_2_018,11412,9.85
WI_2,FOODS_2_018,11413,9.85
WI_2,FOODS_2_018,11414,9.85
WI_2,FOODS_2_018,11415,9.85
WI_2,FOODS_2_018,11416,9.85
WI_2,FOODS_2_018,11417,9.85
WI_2,FOODS_2_018,11418,9.85
WI_2,FOODS_2_018,11419,9.85
WI_2,FOODS_2_018,11420,9.85
WI_2,FOODS_2_018,11421,9.85
WI_2,FOODS_2_018,11422,9.85
WI_2,FOODS_2_018,11423,9.85
WI_2,FOODS_2_018,11424,9.85
WI_2,FOODS_2_018,11425,9.85
WI_2,FOODS_2_018,11426,9.85
WI_2,FOODS_2_018,11427,9.85
WI_2,FOODS_2_018,11428,9.85
WI_2,FOODS_2_018,11429,9.85
WI_2,FOODS_2_018,11430,9.85
WI_2,FOODS_2_018,11431,9.85
WI_2,FOODS_2_018,11432,9.85
WI_2,FOODS_2_018,11433,9.85
WI_2,FOODS_2_018,11434,9.85
WI_2,FOODS_2_018,11435,9.85
WI_2,FOODS_2_018,11436,9.85
WI_2,FOODS_2_018,11437,9.85
WI_2,FOODS_2_018,11438,9.85
WI_2,FOODS_2_018,11439,9.85
WI_2,FOODS_2_018,11440,9.85
WI_2,FOODS_2_018,11441,9.85
WI_2,FOODS_2_018,11442,9.85
WI_2,FOODS_2_018,11443,9.85
WI_2,FOODS_2_018,11444,9.85
WI_2,FOODS_2_018,11445,9.85
WI_2,FOODS_2_018,11446,9.85
WI_2,FOODS_2_018,11447,9.85
WI_2,FOODS_2_018,11448,9.85
WI_2,FOODS_2_018,11449,9.85
WI_2,FOODS_2_018,11450,9.85
WI_2,FOODS_2_018,11451,9.85
WI_2,FOODS_2_018,11452,9.85
WI_2,FOODS_2_018,11453,9.85
WI_2,FOODS_2_018,11454,9.85
WI_2,FOODS_2_018,11455,9.85
WI_2,FOODS_2_018,11456,9.85
WI_2,FOODS_2_018,11457,9.85
WI_2,FOODS_2_019,11400,6.89
WI_2,FOODS_2_019,11401,6.89
WI_2,FOODS_2_019,11402,6.89
WI_2,FOODS_2_019,11403,6.89
WI_2,FOODS_2_019,11404,6.89
WI_2,FOODS_2_019,11405,6.89
WI_2,FOODS_2_019,11406,6.89
WI_2,FOODS_2_019,11407,6.89
WI_2,FOODS_2_019,11408,6.89
WI_2,FOODS_2_019,11409,6.89
WI_2,FOODS_2_019,11410,6.89
WI_2,FOODS_2_019,11411,6.89
WI_2,FOODS_2_019,11412,6.89
WI_2,FOODS_2_019,11413,6.89
WI_2,FOODS_2_019,11414,6.89
WI_2,FOODS_2_019,11415,6.89
WI_2,FOODS_2_019,11416,6.89
WI_2,FOODS_2_019,11417,6.89
WI_2,FOODS_2_019,11418,6.89
WI_2,FOODS_2_019,11419,6.89
WI_2,FOODS_2_019,11420,6.89
WI_2,FOODS_2_019,11421,6.89
WI_2,FOODS_2_019,11422,6.89
WI_2,FOODS_2_019,11423,6.89
WI_2,FOODS_2_019,11424,6.89
WI_2,FOODS_2_019,11425,6.89
WI_2,FOODS_2_019,11426,6.89
WI_2,FOODS_2_019,11427,6.89
WI_2,FOODS_2_019,11428,6.89
WI_2,FOODS_2_019,11429,6.89
WI_2,FOODS_2_019,11430,6.89
WI_2,FOODS_2_019,11431,6.89
WI_2,FOODS_2_019,11432,6.89
WI_2,FOODS_2_019,11433,6.89
WI_2,FOODS_2_019,11434,6.89
WI_2,FOODS_2_019,11435,6.89
WI_2,FOODS_2_019,11436,6.89
WI_2,FOODS_2_019,11437,6.89
WI_2,FOODS_2_019,11438,6.89
WI_2,FOODS_2_019,11439,6.89
WI_2,FOODS_2_019,11440,6.89
WI_2,FOODS_2_019,11441,6.89
WI_2,FOODS_2_019,11442,6.89
WI_2,FOODS_2_019,11443,6.89
WI_2,FOODS_2_019,11444,6.89
WI_2,FOODS_2_019,11445,6.89
WI_2,FOODS_2_019,11446,6.89
WI_2,FOODS_2_019,11447,6.89
WI_2,FOODS_2_019,11448,6.89
WI_2,FOODS_2_019,11449,6.89
WI_2,FOODS_2_019,11450,6.89
WI_2,FOODS_2_019,11451,6.89
WI_2,FOODS_2_019,11452,6.89
WI_2,FOODS_2_019,11453,6.89
WI_2,FOODS_2_019,11454,6.89
WI_2,FOODS_2_019,11455,6.89
WI_2,FOODS_2_019,11456,6.89
WI_2,FOODS_2_019,11457,6.89
TX_1,HOUSEHOLD_1_020,11400,11.17
TX_1,HOUSEHOLD_1_020,11401,11.17
TX_1,HOUSEHOLD_1_020,11402,11.17
TX_1,HOUSEHOLD_1_020,11403,11.17
TX_1,HOUSEHOLD_1_020,11404,11.17
TX_1,HOUSEHOLD_1_020,11405,11.17
TX_1,HOUSEHOLD_1_020,11406,11.17
TX_1,HOUSEHOLD_1_020,11407,11.17
TX_1,HOUSEHOLD_1_020,11408,11.17
TX_1,HOUSEHOLD_1_020,11409,11.17
TX_1,HOUSEHOLD_1_020,11410,11.17
TX_1,HOUSEHOLD_1_020,11411,11.17
TX_1,HOUSEHOLD_1_020,11412,11.17
TX_1,HOUSEHOLD_1_020,11413,11.17
TX_1,HOUSEHOLD_1_020,11414,11.17
TX_1,HOUSEHOLD_1_020,11415,11.17
TX_1,HOUSEHOLD_1_020,11416,11.17
TX_1,HOUSEHOLD_1_020,11417,11.17
TX_1,HOUSEHOLD_1_020,11418,11.17
TX_1,HOUSEHOLD_1_020,11419,11.17
TX_1,HOUSEHOLD_1_020,11420,11.17
TX_1,HOUSEHOLD_1_020,11421,11.17
TX_1,HOUSEHOLD_1_020,11422,11.17
TX_1,HOUSEHOLD_1_020,11423,11.17
TX_1,HOUSEHOLD_1_020,11424,11.17
TX_1,HOUSEHOLD_1_020,11425,11.17
TX_1,HOUSEHOLD_1_020,11426,11.17
TX_1,HOUSEHOLD_1_020,11427,11.17
TX_1,HOUSEHOLD_1_020,11428,11.17
TX_1,HOUSEHOLD_1_020,11429,11.17
TX_1,HOUSEHOLD_1_020,11430,11.17
TX_1,HOUSEHOLD_1_020,11431,11.17
TX_1,HOUSEHOLD_1_020,11432,11.17
TX_1,HOUSEHOLD_1_020,11433,11.17
TX_1,HOUSEHOLD_1_020,11434,11.17
TX_1,HOUSEHOLD_1_020,11435,11.17
TX_1,HOUSEHOLD_1_020,11436,11.17
TX_1,HOUSEHOLD_1_020,11437,11.17
TX_1,HOUSEHOLD_1_020,11438,11.17
TX_1,HOUSEHOLD_1_020,11439,11.17
TX_1,HOUSEHOLD_1_020,11440,11.17
TX_1,HOUSEHOLD_1_020,11441,11.17
TX_1,HOUSEHOLD_1_020,11442,11.17
TX_1,HOUSEHOLD_1_020,11443,11.17
TX_1,HOUSEHOLD_1_020,11444,11.17
TX_1,HOUSEHOLD_1_020,11445,11.17
TX_1,HOUSEHOLD_1_020,11446,11.17
TX_1,HOUSEHOLD_1_020,11447,11.17
TX_1,HOUSEHOLD_1_020,11448,11.17
TX_1,HOUSEHOLD_1_020,11449,11.17
TX_1,HOUSEHOLD_1_020,11450,11.17
TX_1,HOUSEHOLD_1_020,11451,11.17
TX_1,HOUSEHOLD_1_020,11452,11.17
TX_1,HOUSEHOLD_1_020,11453,11.17
TX_1,HOUSEHOLD_1_020,11454,11.17
TX_1,HOUSEHOLD_1_020,11455,11.17
TX_1,HOUSEHOLD_1_020,11456,11.17
TX_1,HOUSEHOLD_1_020,11457,11.17
CA_2,HOUSEHOLD_1_021,11400,6.12
CA_2,HOUSEHOLD_1_021,11401,6.12
CA_2,HOUSEHOLD_1_021,11402,6.12
CA_2,HOUSEHOLD_1_021,11403,6.12
CA_2,HOUSEHOLD_1_021,11404,6.12
CA_2,HOUSEHOLD_1_021,11405,6.12
CA_2,HOUSEHOLD_1_021,11406,6.12
CA_2,HOUSEHOLD_1_021,11407,6.12
CA_2,HOUSEHOLD_1_021,11408,6.12
CA_2,HOUSEHOLD_1_021,11409,6.12
CA_2,HOUSEHOLD_1_021,11410,6.12
CA_2,HOUSEHOLD_1_021,11411,6.12
CA_2,HOUSEHOLD_1_021,11412,6.12
CA_2,HOUSEHOLD_1_021,11413,6.12
CA_2,HOUSEHOLD_1_021,11414,6.12
CA_2,HOUSEHOLD_1_021,11415,6.12
CA_2,HOUSEHOLD_1_021,11416,6.12
CA_2,HOUSEHOLD_1_021,11417,6.12
CA_2,HOUSEHOLD_1_021,11418,6.12
CA_2,HOUSEHOLD_1_021,11419,6.12
CA_2,HOUSEHOLD_1_021,11420,6.12
CA_2,HOUSEHOLD_1_021,11421,6.12
CA_2,HOUSEHOLD_1_021,11422,6.12
CA_2,HOUSEHOLD_1_021,11423,6.12
CA_2,HOUSEHOLD_1_021,11424,6.12
CA_2,HOUSEHOLD_1_021,11425,6.12
CA_2,HOUSEHOLD_1_021,11426,6.12
CA_2,HOUSEHOLD_1_021,11427,6.12
CA_2,HOUSEHOLD_1_021,11428,6.12
CA_2,HOUSEHOLD_1_021,11429,6.12
CA_2,HOUSEHOLD_1_021,11430,6.12
CA_2,HOUSEHOLD_1_021,11431,6.12
CA_2,HOUSEHOLD_1_021,11432,6.12
CA_2,HOUSEHOLD_1_021,11433,6.12
CA_2,HOUSEHOLD_1_021,11434,6.12
CA_2,HOUSEHOLD_1_021,11435,6.12
CA_2,HOUSEHOLD_1_021,11436,6.12
CA_2,HOUSEHOLD_1_021,11437,6.12
CA_2,HOUSEHOLD_1_021,11438,6.12
CA_2,HOUSEHOLD_1_021,11439,6.12
CA_2,HOUSEHOLD_1_021,11440,6.12
CA_2,HOUSEHOLD_1_021,11441,6.12
CA_2,HOUSEHOLD_1_021,11442,6.12
CA_2,HOUSEHOLD_1_021,11443,6.12
CA_2,HOUSEHOLD_1_021,11444,6.12
CA_2,HOUSEHOLD_1_021,11445,6.12
CA_2,HOUSEHOLD_1_021,11446,6.12
CA_2,HOUSEHOLD_1_021,11447,6.12
CA_2,HOUSEHOLD_1_021,11448,6.12
CA_2,HOUSEHOLD_1_021,11449,6.12
CA_2,HOUSEHOLD_1_021,11450,6.12
CA_2,HOUSEHOLD_1_021,11451,6.12
CA_2,HOUSEHOLD_1_021,11452,6.12
CA_2,HOUSEHOLD_1_021,11453,6.12
CA_2,HOUSEHOLD_1_021,11454,6.12
CA_2,HOUSEHOLD_1_021,11455,6.12
CA_2,HOUSEHOLD_1_021,11456,6.12
CA_2,HOUSEHOLD_1_021,11457,6.12
WI_2,HOBBIES_1_022,11400,2.54
WI_2,HOBBIES_1_022,11401,2.54
WI_2,HOBBIES_1_022,11402,2.54
WI_2,HOBBIES_1_022,11403,2.54
WI_2,HOBBIES_1_022,11404,2.54
WI_2,HOBBIES_1_022,11405,2.54
WI_2,HOBBIES_1_022,11406,2.54
WI_2,HOBBIES_1_022,11407,2.54
WI_2,HOBBIES_1_022,11408,2.54
WI_2,HOBBIES_1_022,11409,2.54
WI_2,HOBBIES_1_022,11410,2.54
WI_2,HOBBIES_1_022,11411,2.54
WI_2,HOBBIES_1_022,11412,2.54
WI_2,HOBBIES_1_022,11413,2.54
WI_2,HOBBIES_1_022,11414,2.54
WI_2,HOBBIES_1_022,11415,2.54
WI_2,HOBBIES_1_022,11416,2.54
WI_2,HOBBIES_1_022,11417,2.54
WI_2,HOBBIES_1_022,11418,2.54
WI_2,HOBBIES_1_022,11419,2.54
WI_2,HOBBIES_1_022,11420,2.54
WI_2,HOBBIES_1_022,11421,2.54
WI_2,HOBBIES_1_022,11422,2.54
WI_2,HOBBIES_1_022,11423,2.54
WI_2,HOBBIES_1_022,11424,2.54
WI_2,HOBBIES_1_022,11425,2.54
WI_2,HOBBIES_1_022,11426,2.54
WI_2,HOBBIES_1_022,11427,2.54
WI_2,HOBBIES_1_022,11428,2.54
WI_2,HOBBIES_1_022,11429,2.54
WI_2,HOBBIES_1_022,11430,2.54
WI_2,HOBBIES_1_022,11431,2.54
WI_2,HOBBIES_1_022,11432,2.54
WI_2,HOBBIES_1_022,11433,2.54
WI_2,HOBBIES_1_022,11434,2.54
WI_2,HOBBIES_1_022,11435,2.54
WI_2,HOBBIES_1_022,11436,2.54
WI_2,HOBBIES_1_022,11437,2.54
WI_2,HOBBIES_1_022,11438,2.54
WI_2,HOBBIES_1_022,11439,2.54
WI_2,HOBBIES_1_022,11440,2.54
WI_2,HOBBIES_1_022,11441,2.54
WI_2,HOBBIES_1_022,11442,2.54
WI_2,HOBBIES_1_022,11443,2.54
WI_2,HOBBIES_1_022,11444,2.54
WI_2,HOBBIES_1_022,11445,2.54
WI_2,HOBBIES_1_022,11446,2.54
WI_2,HOBBIES_1_022,11447,2.54
WI_2,HOBBIES_1_022,11448,2.54
WI_2,HOBBIES_1_022,11449,2.54
WI_2,HOBBIES_1_022,11450,2.54
WI_2,HOBBIES_1_022,11451,2.54
WI_2,HOBBIES_1_022,11452,2.54
WI_2,HOBBIES_1_022,11453,2.54
WI_2,HOBBIES_1_022,11454,2.54
WI_2,HOBBIES_1_022,11455,2.54
WI_2,HOBBIES_1_022,11456,2.54
WI_2,HOBBIES_1_022,11457,2.54
TX_2,HOUSEHOLD_1_023,11400,2.95
TX_2,HOUSEHOLD_1_023,11401,2.95
TX_2,HOUSEHOLD_1_023,11402,2.95
TX_2,HOUSEHOLD_1_023,11403,2.95
TX_2,HOUSEHOLD_1_023,11404,2.95
TX_2,HOUSEHOLD_1_023,11405,2.95
TX_2,HOUSEHOLD_1_023,11406,2.95
TX_2,HOUSEHOLD_1_023,11407,2.95
TX_2,HOUSEHOLD_1_023,11408,2.95
TX_2,HOUSEHOLD_1_023,11409,2.95
TX_2,HOUSEHOLD_1_023,11410,2.95
TX_2,HOUSEHOLD_1_023,11411,2.95
TX_2,HOUSEHOLD_1_023,11412,2.95
TX_2,HOUSEHOLD_1_023,11413,2.95
TX_2,HOUSEHOLD_1_023,11414,2.95
TX_2,HOUSEHOLD_1_023,11415,2.95
TX_2,HOUSEHOLD_1_023,11416,2.95
TX_2,HOUSEHOLD_1_023,11417,2.95
TX_2,HOUSEHOLD_1_023,11418,2.95
TX_2,HOUSEHOLD_1_023,11419,2.95
TX_2,HOUSEHOLD_1_023,11420,2.95
TX_2,HOUSEHOLD_1_023,11421,2.95
TX_2,HOUSEHOLD_1_023,11422,2.95
TX_2,HOUSEHOLD_1_023,11423,2.95
TX_2,HOUSEHOLD_1_023,11424,2.95
TX_2,HOUSEHOLD_1_023,11425,2.95
TX_2,HOUSEHOLD_1_023,11426,2.95
TX_2,HOUSEHOLD_1_023,11427,2.95
TX_2,HOUSEHOLD_1_023,11428,2.95
TX_2,HOUSEHOLD_1_023,11429,2.95
TX_2,HOUSEHOLD_1_023,11430,2.95
TX_2,HOUSEHOLD_1_023,11431,2.95
TX_2,HOUSEHOLD_1_023,11432,2.95
TX_2,HOUSEHOLD_1_023,11433,2.95
TX_2,HOUSEHOLD_1_023,11434,2.95
TX_2,HOUSEHOLD_1_023,11435,2.95
TX_2,HOUSEHOLD_1_023,11436,2.95
TX_2,HOUSEHOLD_1_023,11437,2.95
TX_2,HOUSEHOLD_1_023,11438,2.95
TX_2,HOUSEHOLD_1_023,11439,2.95
TX_2,HOUSEHOLD_1_023,11440,2.95
TX_2,HOUSEHOLD_1_023,11441,2.95
TX_2,HOUSEHOLD_1_023,11442,2.95
TX_2,HOUSEHOLD_1_023,11443,2.95
TX_2,HOUSEHOLD_1_023,11444,2.95
TX_2,HOUSEHOLD_1_023,11445,2.95
TX_2,HOUSEHOLD_1_023,11446,2.95
TX_2,HOUSEHOLD_1_023,11447,2.95
TX_2,HOUSEHOLD_1_023,11448,2.95
TX_2,HOUSEHOLD_1_023,11449,2.95
TX_2,HOUSEHOLD_1_023,11450,2.95
TX_2,HOUSEHOLD_1_023,11451,2.95
TX_2,HOUSEHOLD_1_023,11452,2.95
TX_2,HOUSEHOLD_1_023,11453,2.95
TX_2,HOUSEHOLD_1_023,11454,2.95
TX_2,HOUSEHOLD_1_023,11455,2.95
TX_2,HOUSEHOLD_1_023,11456,2.95
TX_2,HOUSEHOLD_1_023,11457,2.95
TX_1,HOBBIES_1_024,11400,2.83
TX_1,HOBBIES_1_024,11401,2.83
TX_1,HOBBIES_1_024,11402,2.83
TX_1,HOBBIES_1_024,11403,2.83
TX_1,HOBBIES_1_024,11404,2.83
TX_1,HOBBIES_1_024,11405,2.83
TX_1,HOBBIES_1_024,11406,2.83
TX_1,HOBBIES_1_024,11407,2.83
TX_1,HOBBIES_1_024,11408,2.83
TX_1,HOBBIES_1_024,11409,2.83
TX_1,HOBBIES_1_024,11410,2.83
TX_1,HOBBIES_1_024,11411,2.83
TX_1,HOBBIES_1_024,11412,2.83
TX_1,HOBBIES_1_024,11413,2.83
TX_1,HOBBIES_1_024,11414,2.83
TX_1,HOBBIES_1_024,11415,2.83
TX_1,HOBBIES_1_024,11416,2.83
TX_1,HOBBIES_1_024,11417,2.83
TX_1,HOBBIES_1_024,11418,2.83
TX_1,HOBBIES_1_024,11419,2.83
TX_1,HOBBIES_1_024,11420,2.83
TX_1,HOBBIES_1_024,11421,2.83
TX_1,HOBBIES_1_024,11422,2.83
TX_1,HOBBIES_1_024,11423,2.83
TX_1,HOBBIES_1_024,11424,2.83
TX_1,HOBBIES_1_024,11425,2.83
TX_1,HOBBIES_1_024,11426,2.83
TX_1,HOBBIES_1_024,11427,2.83
TX_1,HOBBIES_1_024,11428,2.83
TX_1,HOBBIES_1_024,11429,2.83
TX_1,HOBBIES_1_024,11430,2.83
TX_1,HOBBIES_1_024,11431,2.83
TX_1,HOBBIES_1_024,11432,2.83
TX_1,HOBBIES_1_024,11433,2.83
TX_1,HOBBIES_1_024,11434,2.83
TX_1,HOBBIES_1_024,11435,2.83
TX_1,HOBBIES_1_024,11436,2.83
TX_1,HOBBIES_1_024,11437,2.83
TX_1,HOBBIES_1_024,11438,2.83
TX_1,HOBBIES_1_024,11439,2.83
TX_1,HOBBIES_1_024,11440,2.83
TX_1,HOBBIES_1_024,11441,2.83
TX_1,HOBBIES_1_024,11442,2.83
TX_1,HOBBIES_1_024,11443,2.83
TX_1,HOBBIES_1_024,11444,2.83
TX_1,HOBBIES_1_024,11445,2.83
TX_1,HOBBIES_1_024,11446,2.83
TX_1,HOBBIES_1_024,11447,2.83
TX_1,HOBBIES_1_024,11448,2.83
TX_1,HOBBIES_1_024,11449,2.83
TX_1,HOBBIES_1_024,11450,2.83
TX_1,HOBBIES_1_024,11451,2.83
TX_1,HOBBIES_1_024,11452,2.83
TX_1,HOBBIES_1_024,11453,2.83
TX_1,HOBBIES_1_024,11454,2.83
TX_1,HOBBIES_1_024,11455,2.83
TX_1,HOBBIES_1_024,11456,2.83
TX_1,HOBBIES_1_024,11457,2.83
CA_2,HOBBIES_1_025,11400,6.54
CA_2,HOBBIES_1_025,11401,6.54
CA_2,HOBBIES_1_025,11402,6.54
CA_2,HOBBIES_1_025,11403,6.54
CA_2,HOBBIES_1_025,11404,6.54
CA_2,HOBBIES_1_025,11405,6.54
CA_2,HOBBIES_1_025,11406,6.54
CA_2,HOBBIES_1_025,11407,6.54
CA_2,HOBBIES_1_025,11408,6.54
CA_2,HOBBIES_1_025,11409,6.54
CA_2,HOBBIES_1_025,11410,6.54
CA_2,HOBBIES_1_025,11411,6.54
CA_2,HOBBIES_1_025,11412,6.54
CA_2,HOBBIES_1_025,11413,6.54
CA_2,HOBBIES_1_025,11414,6.54
CA_2,HOBBIES_1_025,11415,6.54
CA_2,HOBBIES_1_025,11416,6.54
CA_2,HOBBIES_1_025,11417,6.54
CA_2,HOBBIES_1_025,11418,6.54
CA_2,HOBBIES_1_025,11419,6.54
CA_2,HOBBIES_1_025,11420,6.54
CA_2,HOBBIES_1_025,11421,6.54
CA_2,HOBBIES_1_025,11422,6.54
CA_2,HOBBIES_1_025,11423,6.54
CA_2,HOBBIES_1_025,11424,6.54
CA_2,HOBBIES_1_025,11425,6.54
CA_2,HOBBIES_1_025,11426,6.54
CA_2,HOBBIES_1_025,11427,6.54
CA_2,HOBBIES_1_025,11428,6.54
CA_2,HOBBIES_1_025,11429,6.54
CA_2,HOBBIES_1_025,11430,6.54
CA_2,HOBBIES_1_025,11431,6.54
CA_2,HOBBIES_1_025,11432,6.54
CA_2,HOBBIES_1_025,11433,6.54
CA_2,HOBBIES_1_025,11434,6.54
CA_2,HOBBIES_1_025,11435,6.54
CA_2,HOBBIES_1_025,11436,6.54
CA_2,HOBBIES_1_025,11437,6.54
CA_2,HOBBIES_1_025,11438,6.54
CA_2,HOBBIES_1_025,11439,6.54
CA_2,HOBBIES_1_025,11440,6.54
CA_2,HOBBIES_1_025,11441,6.54
CA_2,HOBBIES_1_025,11442,6.54
CA_2,HOBBIES_1_025,11443,6.54
CA_2,HOBBIES_1_025,11444,6.54
CA_2,HOBBIES_1_025,11445,6.54
CA_2,HOBBIES_1_025,11446,6.54
CA_2,HOBBIES_1_025,11447,6.54
CA_2,HOBBIES_1_025,11448,6.54
CA_2,HOBBIES_1_025,11449,6.54
CA_2,HOBBIES_1_025,11450,6.54
CA_2,HOBBIES_1_025,11451,6.54
CA_2,HOBBIES_1_025,11452,6.54
CA_2,HOBBIES_1_025,11453,6.54
CA_2,HOBBIES_1_025,11454,6.54
CA_2,HOBBIES_1_025,11455,6.54
CA_2,HOBBIES_1_025,11456,6.54
CA_2,HOBBIES_1_025,11457,6.54
WI_2,FOODS_2_026,11400,11.69
WI_2,FOODS_2_026,11401,11.69
WI_2,FOODS_2_026,11402,11.69
WI_2,FOODS_2_026,11403,11.69
WI_2,FOODS_2_026,11404,11.69
WI_2,FOODS_2_026,11405,11.69
WI_2,FOODS_2_026,11406,11.69
WI_2,FOODS_2_026,11407,11.69
WI_2,FOODS_2_026,11408,11.69
WI_2,FOODS_2_026,11409,11.69
WI_2,FOODS_2_026,11410,11.69
WI_2,FOODS_2_026,11411,11.69
WI_2,FOODS_2_026,11412,11.69
WI_2,FOODS_2_026,11413,11.69
WI_2,FOODS_2_026,11414,11.69
WI_2,FOODS_2_026,11415,11.69
WI_2,FOODS_2_026,11416,11.69
WI_2,FOODS_2_026,11417,11.69
WI_2,FOODS_2_026,11418,11.69
WI_2,FOODS_2_026,11419,11.69
WI_2,FOODS_2_026,11420,11.69
WI_2,FOODS_2_026,11421,11.69
WI_2,FOODS_2_026,11422,11.69
WI_2,FOODS_2_026,11423,11.69
WI_2,FOODS_2_026,11424,11.69
WI_2,FOODS_2_026,11425,11.69
WI_2,FOODS_2_026,11426,11.69
WI_2,FOODS_2_026,11427,11.69
WI_2,FOODS_2_026,11428,11.69
WI_2,FOODS_2_026,11429,11.69
WI_2,FOODS_2_026,11430,11.69
WI_2,FOODS_2_026,11431,11.69
WI_2,FOODS_2_026,11432,11.69
WI_2,FOODS_2_026,11433,11.69
WI_2,FOODS_2_026,11434,11.69
WI_2,FOODS_2_026,11435,11.69
WI_2,FOODS_2_026,11436,11.69
WI_2,FOODS_2_026,11437,11.69
WI_2,FOODS_2_026,11438,11.69
WI_2,FOODS_2_026,11439,11.69
WI_2,FOODS_2_026,11440,11.69
WI_2,FOODS_2_026,11441,11.69
WI_2,FOODS_2_026,11442,11.69
WI_2,FOODS_2_026,11443,11.69
WI_2,FOODS_2_026,11444,11.69
WI_2,FOODS_2_026,11445,11.69
WI_2,FOODS_2_026,11446,11.69
WI_2,FOODS_2_026,11447,11.69
WI_2,FOODS_2_026,11448,11.69
WI_2,FOODS_2_026,11449,11.69
WI_2,FOODS_2_026,11450,11.69
WI_2,FOODS_2_026,11451,11.69
WI_2,FOODS_2_026,11452,11.69
WI_2,FOODS_2_026,11453,11.69
WI_2,FOODS_2_026,11454,11.69
WI_2,FOODS_2_026,11455,11.69
WI_2,FOODS_2_026,11456,11.69
WI_2,FOODS_2_026,11457,11.69
WI_1,HOUSEHOLD_1_027,11400,3.64
WI_1,HOUSEHOLD_1_027,11401,3.64
WI_1,HOUSEHOLD_1_027,11402,3.64
WI_1,HOUSEHOLD_1_027,11403,3.64
WI_1,HOUSEHOLD_1_027,11404,3.64
WI_1,HOUSEHOLD_1_027,11405,3.64
WI_1,HOUSEHOLD_1_027,11406,3.64
WI_1,HOUSEHOLD_1_027,11407,3.64
WI_1,HOUSEHOLD_1_027,11408,3.64
WI_1,HOUSEHOLD_1_027,11409,3.64
WI_1,HOUSEHOLD_1_027,11410,3.64
WI_1,HOUSEHOLD_1_027,11411,3.64
WI_1,HOUSEHOLD_1_027,11412,3.64
WI_1,HOUSEHOLD_1_027,11413,3.64
WI_1,HOUSEHOLD_1_027,11414,3.64
WI_1,HOUSEHOLD_1_027,11415,3.64
WI_1,HOUSEHOLD_1_027,11416,3.64
WI_1,HOUSEHOLD_1_027,11417,3.64
WI_1,HOUSEHOLD_1_027,11418,3.64
WI_1,HOUSEHOLD_1_027,11419,3.64
WI_1,HOUSEHOLD_1_027,11420,3.64
WI_1,HOUSEHOLD_1_027,11421,3.64
WI_1,HOUSEHOLD_1_027,11422,3.64
WI_1,HOUSEHOLD_1_027,11423,3.64
WI_1,HOUSEHOLD_1_027,11424,3.64
WI_1,HOUSEHOLD_1_027,11425,3.64
WI_1,HOUSEHOLD_1_027,11426,3.64
WI_1,HOUSEHOLD_1_027,11427,3.64
WI_1,HOUSEHOLD_1_027,11428,3.64
WI_1,HOUSEHOLD_1_027,11429,3.64
WI_1,HOUSEHOLD_1_027,11430,3.64
WI_1,HOUSEHOLD_1_027,11431,3.64
WI_1,HOUSEHOLD_1_027,11432,3.64
WI_1,HOUSEHOLD_1_027,11433,3.64
WI_1,HOUSEHOLD_1_027,11434,3.64
WI_1,HOUSEHOLD_1_027,11435,3.64
WI_1,HOUSEHOLD_1_027,11436,3.64
WI_1,HOUSEHOLD_1_027,11437,3.64
WI_1,HOUSEHOLD_1_027,11438,3.64
WI_1,HOUSEHOLD_1_027,11439,3.64
WI_1,HOUSEHOLD_1_027,11440,3.64
WI_1,HOUSEHOLD_1_027,11441,3.64
WI_1,HOUSEHOLD_1_027,11442,3.64
WI_1,HOUSEHOLD_1_027,11443,3.64
WI_1,HOUSEHOLD_1_027,11444,3.64
WI_1,HOUSEHOLD_1_027,11445,3.64
WI_1,HOUSEHOLD_1_027,11446,3.64
WI_1,HOUSEHOLD_1_027,11447,3.64
WI_1,HOUSEHOLD_1_027,11448,3.64
WI_1,HOUSEHOLD_1_027,11449,3.64
WI_1,HOUSEHOLD_1_027,11450,3.64
WI_1,HOUSEHOLD_1_027,11451,3.64
WI_1,HOUSEHOLD_1_027,11452,3.64
WI_1,HOUSEHOLD_1_027,11453,3.64
WI_1,HOUSEHOLD_1_027,11454,3.64
WI_1,HOUSEHOLD_1_027,11455,3.64
WI_1,HOUSEHOLD_1_027,11456,3.64
WI_1,HOUSEHOLD_1_027,11457,3.64
TX_2,FOODS_2_028,11400,4.66
TX_2,FOODS_2_028,11401,4.66
TX_2,FOODS_2_028,11402,4.66
TX_2,FOODS_2_028,11403,4.66
TX_2,FOODS_2_028,11404,4.66
TX_2,FOODS_2_028,11405,4.66
TX_2,FOODS_2_028,11406,4.66
TX_2,FOODS_2_028,11407,4.66
TX_2,FOODS_2_028,11408,4.66
TX_2,FOODS_2_028,11409,4.66
TX_2,FOODS_2_028,11410,4.66
TX_2,FOODS_2_028,11411,4.66
TX_2,FOODS_2_028,11412,4.66
TX_2,FOODS_2_028,11413,4.66
TX_2,FOODS_2_028,11414,4.66
TX_2,FOODS_2_028,11415,4.66
TX_2,FOODS_2_028,11416,4.66
TX_2,FOODS_2_028,11417,4.66
TX_2,FOODS_2_028,11418,4.66
TX_2,FOODS_2_028,11419,4.66
TX_2,FOODS_2_028,11420,4.66
TX_2,FOODS_2_028,11421,4.66
TX_2,FOODS_2_028,11422,4.66
TX_2,FOODS_2_028,11423,4.66
TX_2,FOODS_2_028,11424,4.66
TX_2,FOODS_2_028,11425,4.66
TX_2,FOODS_2_028,11426,4.66
TX_2,FOODS_2_028,11427,4.66
TX_2,FOODS_2_028,11428,4.66
TX_2,FOODS_2_028,11429,4.66
TX_2,FOODS_2_028,11430,4.66
TX_2,FOODS_2_028,11431,4.66
TX_2,FOODS_2_028,11432,4.66
TX_2,FOODS_2_028,11433,4.66
TX_2,FOODS_2_028,11434,4.66
TX_2,FOODS_2_028,11435,4.66
TX_2,FOODS_2_028,11436,4.66
TX_2,FOODS_2_028,11437,4.66
TX_2,FOODS_2_028,11438,4.66
TX_2,FOODS_2_028,11439,4.66
TX_2,FOODS_2_028,11440,4.66
TX_2,FOODS_2_028,11441,4.66
TX_2,FOODS_2_028,11442,4.66
TX_2,FOODS_2_028,11443,4.66
TX_2,FOODS_2_028,11444,4.66
TX_2,FOODS_2_028,11445,4.66
TX_2,FOODS_2_028,11446,4.66
TX_2,FOODS_2_028,11447,4.66
TX_2,FOODS_2_028,11448,4.66
TX_2,FOODS_2_028,11449,4.66
TX_2,FOODS_2_028,11450,4.66
TX_2,FOODS_2_028,11451,4.66
TX_2,FOODS_2_028,11452,4.66
TX_2,FOODS_2_028,11453,4.66
TX_2,FOODS_2_028,11454,4.66
TX_2,FOODS_2_028,11455,4.66
TX_2,FOODS_2_028,11456,4.66
TX_2,FOODS_2_028,11457,4.66
TX_1,HOBBIES_1_029,11400,5.3
TX_1,HOBBIES_1_029,11401,5.3
TX_1,HOBBIES_1_029,11402,5.3
TX_1,HOBBIES_1_029,11403,5.3
TX_1,HOBBIES_1_029,11404,5.3
TX_1,HOBBIES_1_029,11405,5.3
TX_1,HOBBIES_1_029,11406,5.3
TX_1,HOBBIES_1_029,11407,5.3
TX_1,HOBBIES_1_029,11408,5.3
TX_1,HOBBIES_1_029,11409,5.3
TX_1,HOBBIES_1_029,11410,5.3
TX_1,HOBBIES_1_029,11411,5.3
TX_1,HOBBIES_1_029,11412,5.3
TX_1,HOBBIES_1_029,11413,5.3
TX_1,HOBBIES_1_029,11414,5.3
TX_1,HOBBIES_1_029,11415,5.3
TX_1,HOBBIES_1_029,11416,5.3
TX_1,HOBBIES_1_029,11417,5.3
TX_1,HOBBIES_1_029,11418,5.3
TX_1,HOBBIES_1_029,11419,5.3
TX_1,HOBBIES_1_029,11420,5.3
TX_1,HOBBIES_1_029,11421,5.3
TX_1,HOBBIES_1_029,11422,5.3
TX_1,HOBBIES_1_029,11423,5.3
TX_1,HOBBIES_1_029,11424,5.3
TX_1,HOBBIES_1_029,11425,5.3
TX_1,HOBBIES_1_029,11426,5.3
TX_1,HOBBIES_1_029,11427,5.3
TX_1,HOBBIES_1_029,11428,5.3
TX_1,HOBBIES_1_029,11429,5.3
TX_1,HOBBIES_1_029,11430,5.3
TX_1,HOBBIES_1_029,11431,5.3
TX_1,HOBBIES_1_029,11432,5.3
TX_1,HOBBIES_1_029,11433,5.3
TX_1,HOBBIES_1_029,11434,5.3
TX_1,HOBBIES_1_029,11435,5.3
TX_1,HOBBIES_1_029,11436,5.3
TX_1,HOBBIES_1_029,11437,5.3
TX_1,HOBBIES_1_029,11438,5.3
TX_1,HOBBIES_1_029,11439,5.3
TX_1,HOBBIES_1_029,11440,5.3
TX_1,HOBBIES_1_029,11441,5.3
TX_1,HOBBIES_1_029,11442,5.3
TX_1,HOBBIES_1_029,11443,5.3
TX_1,HOBBIES_1_029,11444,5.3
TX_1,HOBBIES_1_029,11445,5.3
TX_1,HOBBIES_1_029,11446,5.3
TX_1,HOBBIES_1_029,11447,5.3
TX_1,HOBBIES_1_029,11448,5.3
TX_1,HOBBIES_1_029,11449,5.3
TX_1,HOBBIES_1_029,11450,5.3
TX_1,HOBBIES_1_029,11451,5.3
TX_1,HOBBIES_1_029,11452,5.3
TX_1,HOBBIES_1_029,11453,5.3
TX_1,HOBBIES_1_029,11454,5.3
TX_1,HOBBIES_1_029,11455,5.3
TX_1,HOBBIES_1_029,11456,5.3
TX_1,HOBBIES_1_029,11457,5.3
WI_2,HOUSEHOLD_1_030,11400,7.57
WI_2,HOUSEHOLD_1_030,11401,7.57
WI_2,HOUSEHOLD_1_030,11402,7.57
WI_2,HOUSEHOLD_1_030,11403,7.57
WI_2,HOUSEHOLD_1_030,11404,7.57
WI_2,HOUSEHOLD_1_030,11405,7.57
WI_2,HOUSEHOLD_1_030,11406,7.57
WI_2,HOUSEHOLD_1_030,11407,7.57
WI_2,HOUSEHOLD_1_030,11408,7.57
WI_2,HOUSEHOLD_1_030,11409,7.57
WI_2,HOUSEHOLD_1_030,11410,7.57
WI_2,HOUSEHOLD_1_030,11411,7.57
WI_2,HOUSEHOLD_1_030,11412,7.57
WI_2,HOUSEHOLD_1_030,11413,7.57
WI_2,HOUSEHOLD_1_030,11414,7.57
WI_2,HOUSEHOLD_1_030,11415,7.57
WI_2,HOUSEHOLD_1_030,11416,7.57
WI_2,HOUSEHOLD_1_030,11417,7.57
WI_2,HOUSEHOLD_1_030,11418,7.57
WI_2,HOUSEHOLD_1_030,11419,7.57
WI_2,HOUSEHOLD_1_030,11420,7.57
WI_2,HOUSEHOLD_1_030,11421,7.57
WI_2,HOUSEHOLD_1_030,11422,7.57
WI_2,HOUSEHOLD_1_030,11423,7.57
WI_2,HOUSEHOLD_1_030,11424,7.57
WI_2,HOUSEHOLD_1_030,11425,7.57
WI_2,HOUSEHOLD_1_030,11426,7.57
WI_2,HOUSEHOLD_1_030,11427,7.57
WI_2,HOUSEHOLD_1_030,11428,7.57
WI_2,HOUSEHOLD_1_030,11429,7.57
WI_2,HOUSEHOLD_1_030,11430,7.57
WI_2,HOUSEHOLD_1_030,11431,7.57
WI_2,HOUSEHOLD_1_030,11432,7.57
WI_2,HOUSEHOLD_1_030,11433,7.57
WI_2,HOUSEHOLD_1_030,11434,7.57
WI_2,HOUSEHOLD_1_030,11435,7.57
WI_2,HOUSEHOLD_1_030,11436,7.57
WI_2,HOUSEHOLD_1_030,11437,7.57
WI_2,HOUSEHOLD_1_030,11438,7.57
WI_2,HOUSEHOLD_1_030,11439,7.57
WI_2,HOUSEHOLD_1_030,11440,7.57
WI_2,HOUSEHOLD_1_030,11441,7.57
WI_2,HOUSEHOLD_1_030,11442,7.57
WI_2,HOUSEHOLD_1_030,11443,7.57
WI_2,HOUSEHOLD_1_030,11444,7.57
WI_2,HOUSEHOLD_1_030,11445,7.57
WI_2,HOUSEHOLD_1_030,11446,7.57
WI_2,HOUSEHOLD_1_030,11447,7.57
WI_2,HOUSEHOLD_1_030,11448,7.57
WI_2,HOUSEHOLD_1_030,11449,7.57
WI_2,HOUSEHOLD_1_030,11450,7.57
WI_2,HOUSEHOLD_1_030,11451,7.57
WI_2,HOUSEHOLD_1_030,11452,7.57
WI_2,HOUSEHOLD_1_030,11453,7.57
WI_2,HOUSEHOLD_1_030,11454,7.57
WI_2,HOUSEHOLD_1_030,11455,7.57
WI_2,HOUSEHOLD_1_030,11456,7.57
WI_2,HOUSEHOLD_1_030,11457,7.57
TX_2,HOUSEHOLD_1_031,11400,9.57
TX_2,HOUSEHOLD_1_031,11401,9.57
TX_2,HOUSEHOLD_1_031,11402,9.57
TX_2,HOUSEHOLD_1_031,11403,9.57
TX_2,HOUSEHOLD_1_031,11404,9.57
TX_2,HOUSEHOLD_1_031,11405,9.57
TX_2,HOUSEHOLD_1_031,11406,9.57
TX_2,HOUSEHOLD_1_031,11407,9.57
TX_2,HOUSEHOLD_1_031,11408,9.57
TX_2,HOUSEHOLD_1_031,11409,9.57
TX_2,HOUSEHOLD_1_031,11410,9.57
TX_2,HOUSEHOLD_1_031,11411,9.57
TX_2,HOUSEHOLD_1_031,11412,9.57
TX_2,HOUSEHOLD_1_031,11413,9.57
TX_2,HOUSEHOLD_1_031,11414,9.57
TX_2,HOUSEHOLD_1_031,11415,9.57
TX_2,HOUSEHOLD_1_031,11416,9.57
TX_2,HOUSEHOLD_1_031,11417,9.57
TX_2,HOUSEHOLD_1_031,11418,9.57
TX_2,HOUSEHOLD_1_031,11419,9.57
TX_2,HOUSEHOLD_1_031,11420,9.57
TX_2,HOUSEHOLD_1_031,11421,9.57
TX_2,HOUSEHOLD_1_031,11422,9.57
TX_2,HOUSEHOLD_1_031,11423,9.57
TX_2,HOUSEHOLD_1_031,11424,9.57
TX_2,HOUSEHOLD_1_031,11425,9.57
TX_2,HOUSEHOLD_1_031,11426,9.57
TX_2,HOUSEHOLD_1_031,11427,9.57
TX_2,HOUSEHOLD_1_031,11428,9.57
TX_2,HOUSEHOLD_1_031,11429,9.57
TX_2,HOUSEHOLD_1_031,11430,9.57
TX_2,HOUSEHOLD_1_031,11431,9.57
TX_2,HOUSEHOLD_1_031,11432,9.57
TX_2,HOUSEHOLD_1_031,11433,9.57
TX_2,HOUSEHOLD_1_031,11434,9.57
TX_2,HOUSEHOLD_1_031,11435,9.57
TX_2,HOUSEHOLD_1_031,11436,9.57
TX_2,HOUSEHOLD_1_031,11437,9.57
TX_2,HOUSEHOLD_1_031,11438,9.57
TX_2,HOUSEHOLD_1_031,11439,9.57
TX_2,HOUSEHOLD_1_031,11440,9.57
TX_2,HOUSEHOLD_1_031,11441,9.57
TX_2,HOUSEHOLD_1_031,11442,9.57
TX_2,HOUSEHOLD_1_031,11443,9.57
TX_2,HOUSEHOLD_1_031,11444,9.57
TX_2,HOUSEHOLD_1_031,11445,9.57
TX_2,HOUSEHOLD_1_031,11446,9.57
TX_2,HOUSEHOLD_1_031,11447,9.57
TX_2,HOUSEHOLD_1_031,11448,9.57
TX_2,HOUSEHOLD_1_031,11449,9.57
TX_2,HOUSEHOLD_1_031,11450,9.57
TX_2,HOUSEHOLD_1_031,11451,9.57
TX_2,HOUSEHOLD_1_031,11452,9.57
TX_2,HOUSEHOLD_1_031,11453,9.57
TX_2,HOUSEHOLD_1_031,11454,9.57
TX_2,HOUSEHOLD_1_031,11455,9.57
TX_2,HOUSEHOLD_1_031,11456,9.57
TX_2,HOUSEHOLD_1_031,11457,9.57
WI_1,HOUSEHOLD_1_032,11400,5.17
WI_1,HOUSEHOLD_1_032,11401,5.17
WI_1,HOUSEHOLD_1_032,11402,5.17
WI_1,HOUSEHOLD_1_032,11403,5.17
WI_1,HOUSEHOLD_1_032,11404,5.17
WI_1,HOUSEHOLD_1_032,11405,5.17
WI_1,HOUSEHOLD_1_032,11406,5.17
WI_1,HOUSEHOLD_1_032,11407,5.17
WI_1,HOUSEHOLD_1_032,11408,5.17
WI_1,HOUSEHOLD_1_032,11409,5.17
WI_1,HOUSEHOLD_1_032,11410,5.17
WI_1,HOUSEHOLD_1_032,11411,5.17
WI_1,HOUSEHOLD_1_032,11412,5.17
WI_1,HOUSEHOLD_1_032,11413,5.17
WI_1,HOUSEHOLD_1_032,11414,5.17
WI_1,HOUSEHOLD_1_032,11415,5.17
WI_1,HOUSEHOLD_1_032,11416,5.17
WI_1,HOUSEHOLD_1_032,11417,5.17
WI_1,HOUSEHOLD_1_032,11418,5.17
WI_1,HOUSEHOLD_1_032,11419,5.17
WI_1,HOUSEHOLD_1_032,11420,5.17
WI_1,HOUSEHOLD_1_032,11421,5.17
WI_1,HOUSEHOLD_1_032,11422,5.17
WI_1,HOUSEHOLD_1_032,11423,5.17
WI_1,HOUSEHOLD_1_032,11424,5.17
WI_1,HOUSEHOLD_1_032,11425,5.17
WI_1,HOUSEHOLD_1_032,11426,5.17
WI_1,HOUSEHOLD_1_032,11427,5.17
WI_1,HOUSEHOLD_1_032,11428,5.17
WI_1,HOUSEHOLD_1_032,11429,5.17
WI_1,HOUSEHOLD_1_032,11430,5.17
WI_1,HOUSEHOLD_1_032,11431,5.17
WI_1,HOUSEHOLD_1_032,11432,5.17
WI_1,HOUSEHOLD_1_032,11433,5.17
WI_1,HOUSEHOLD_1_032,11434,5.17
WI_1,HOUSEHOLD_1_032,11435,5.17
WI_1,HOUSEHOLD_1_032,11436,5.17
WI_1,HOUSEHOLD_1_032,11437,5.17
WI_1,HOUSEHOLD_1_032,11438,5.17
WI_1,HOUSEHOLD_1_032,11439,5.17
WI_1,HOUSEHOLD_1_032,11440,5.17
WI_1,HOUSEHOLD_1_032,11441,5.17
WI_1,HOUSEHOLD_1_032,11442,5.17
WI_1,HOUSEHOLD_1_032,11443,5.17
WI_1,HOUSEHOLD_1_032,11444,5.17
WI_1,HOUSEHOLD_1_032,11445,5.17
WI_1,HOUSEHOLD_1_032,11446,5.17
WI_1,HOUSEHOLD_1_032,11447,5.17
WI_1,HOUSEHOLD_1_032,11448,5.17
WI_1,HOUSEHOLD_1_032,11449,5.17
WI_1,HOUSEHOLD_1_032,11450,5.17
WI_1,HOUSEHOLD_1_032,11451,5.17
WI_1,HOUSEHOLD_1_032,11452,5.17
WI_1,HOUSEHOLD_1_032,11453,5.17
WI_1,HOUSEHOLD_1_032,11454,5.17
WI_1,HOUSEHOLD_1_032,11455,5.17
WI_1,HOUSEHOLD_1_032,11456,5.17
WI_1,HOUSEHOLD_1_032,11457,5.17
WI_1,HOBBIES_1_033,11400,5.17
WI_1,HOBBIES_1_033,11401,5.17
WI_1,HOBBIES_1_033,11402,5.17
WI_1,HOBBIES_1_033,11403,5.17
WI_1,HOBBIES_1_033,11404,5.17
WI_1,HOBBIES_1_033,11405,5.17
WI_1,HOBBIES_1_033,11406,5.17
WI_1,HOBBIES_1_033,11407,5.17
WI_1,HOBBIES_1_033,11408,5.17
WI_1,HOBBIES_1_033,11409,5.17
WI_1,HOBBIES_1_033,11410,5.17
WI_1,HOBBIES_1_033,11411,5.17
WI_1,HOBBIES_1_033,11412,5.17
WI_1,HOBBIES_1_033,11413,5.17
WI_1,HOBBIES_1_033,11414,5.17
WI_1,HOBBIES_1_033,11415,5.17
WI_1,HOBBIES_1_033,11416,5.17
WI_1,HOBBIES_1_033,11417,5.17
WI_1,HOBBIES_1_033,11418,5.17
WI_1,HOBBIES_1_033,11419,5.17
WI_1,HOBBIES_1_033,11420,5.17
WI_1,HOBBIES_1_033,11421,5.17
WI_1,HOBBIES_1_033,11422,5.17
WI_1,HOBBIES_1_033,11423,5.17
WI_1,HOBBIES_1_033,11424,5.17
WI_1,HOBBIES_1_033,11425,5.17
WI_1,HOBBIES_1_033,11426,5.17
WI_1,HOBBIES_1_033,11427,5.17
WI_1,HOBBIES_1_033,11428,5.17
WI_1,HOBBIES_1_033,11429,5.17
WI_1,HOBBIES_1_033,11430,5.17
WI_1,HOBBIES_1_033,11431,5.17
WI_1,HOBBIES_1_033,11432,5.17
WI_1,HOBBIES_1_033,11433,5.17
WI_1,HOBBIES_1_033,11434,5.17
WI_1,HOBBIES_1_033,11435,5.17
WI_1,HOBBIES_1_033,11436,5.17
WI_1,HOBBIES_1_033,11437,5.17
WI_1,HOBBIES_1_033,11438,5.17
WI_1,HOBBIES_1_033,11439,5.17
WI_1,HOBBIES_1_033,11440,5.17
WI_1,HOBBIES_1_033,11441,5.17
WI_1,HOBBIES_1_033,11442,5.17
WI_1,HOBBIES_1_033,11443,5.17
WI_1,HOBBIES_1_033,11444,5.17
WI_1,HOBBIES_1_033,11445,5.17
WI_1,HOBBIES_1_033,11446,5.17
WI_1,HOBBIES_1_033,11447,5.17
WI_1,HOBBIES_1_033,11448,5.17
WI_1,HOBBIES_1_033,11449,5.17
WI_1,HOBBIES_1_033,11450,5.17
WI_1,HOBBIES_1_033,11451,5.17
WI_1,HOBBIES_1_033,11452,5.17
WI_1,HOBBIES_1_033,11453,5.17
WI_1,HOBBIES_1_033,11454,5.17
WI_1,HOBBIES_1_033,11455,5.17
WI_1,HOBBIES_1_033,11456,5.17
WI_1,HOBBIES_1_033,11457,5.17
CA_2,HOBBIES_1_034,11400,11.19
CA_2,HOBBIES_1_034,11401,11.19
CA_2,HOBBIES_1_034,11402,11.19
CA_2,HOBBIES_1_034,11403,11.19
CA_2,HOBBIES_1_034,11404,11.19
CA_2,HOBBIES_1_034,11405,11.19
CA_2,HOBBIES_1_034,11406,11.19
CA_2,HOBBIES_1_034,11407,11.19
CA_2,HOBBIES_1_034,11408,11.19
CA_2,HOBBIES_1_034,11409,11.19
CA_2,HOBBIES_1_034,11410,11.19
CA_2,HOBBIES_1_034,11411,11.19
CA_2,HOBBIES_1_034,11412,11.19
CA_2,HOBBIES_1_034,11413,11.19
CA_2,HOBBIES_1_034,11414,11.19
CA_2,HOBBIES_1_034,11415,11.19
CA_2,HOBBIES_1_034,11416,11.19
CA_2,HOBBIES_1_034,11417,11.19
CA_2,HOBBIES_1_034,11418,11.19
CA_2,HOBBIES_1_034,11419,11.19
CA_2,HOBBIES_1_034,11420,11.19
CA_2,HOBBIES_1_034,11421,11.19
CA_2,HOBBIES_1_034,11422,11.19
CA_2,HOBBIES_1_034,11423,11.19
CA_2,HOBBIES_1_034,11424,11.19
CA_2,HOBBIES_1_034,11425,11.19
CA_2,HOBBIES_1_034,11426,11.19
CA_2,HOBBIES_1_034,11427,11.19
CA_2,HOBBIES_1_034,11428,11.19
CA_2,HOBBIES_1_034,11429,11.19
CA_2,HOBBIES_1_034,11430,11.19
CA_2,HOBBIES_1_034,11431,11.19
CA_2,HOBBIES_1_034,11432,11.19
CA_2,HOBBIES_1_034,11433,11.19
CA_2,HOBBIES_1_034,11434,11.19
CA_2,HOBBIES_1_034,11435,11.19
CA_2,HOBBIES_1_034,11436,11.19
CA_2,HOBBIES_1_034,11437,11.19
CA_2,HOBBIES_1_034,11438,11.19
CA_2,HOBBIES_1_034,11439,11.19
CA_2,HOBBIES_1_034,11440,11.19
CA_2,HOBBIES_1_034,11441,11.19
CA_2,HOBBIES_1_034,11442,11.19
CA_2,HOBBIES_1_034,11443,11.19
CA_2,HOBBIES_1_034,11444,11.19
CA_2,HOBBIES_1_034,11445,11.19
CA_2,HOBBIES_1_034,11446,11.19
CA_2,HOBBIES_1_034,11447,11.19
CA_2,HOBBIES_1_034,11448,11.19
CA_2,HOBBIES_1_034,11449,11.19
CA_2,HOBBIES_1_034,11450,11.19
CA_2,HOBBIES_1_034,11451,11.19
CA_2,HOBBIES_1_034,11452,11.19
CA_2,HOBBIES_1_034,11453,11.19
CA_2,HOBBIES_1_034,11454,11.19
CA_2,HOBBIES_1_034,11455,11.19
CA_2,HOBBIES_1_034,11456,11.19
CA_2,HOBBIES_1_034,11457,11.19
WI_2,HOBBIES_1_035,11400,7.63
WI_2,HOBBIES_1_035,11401,7.63
WI_2,HOBBIES_1_035,11402,7.63
WI_2,HOBBIES_1_035,11403,7.63
WI_2,HOBBIES_1_035,11404,7.63
WI_2,HOBBIES_1_035,11405,7.63
WI_2,HOBBIES_1_035,11406,7.63
WI_2,HOBBIES_1_035,11407,7.63
WI_2,HOBBIES_1_035,11408,7.63
WI_2,HOBBIES_1_035,11409,7.63
WI_2,HOBBIES_1_035,11410,7.63
WI_2,HOBBIES_1_035,11411,7.63
WI_2,HOBBIES_1_035,11412,7.63
WI_2,HOBBIES_1_035,11413,7.63
WI_2,HOBBIES_1_035,11414,7.63
WI_2,HOBBIES_1_035,11415,7.63
WI_2,HOBBIES_1_035,11416,7.63
WI_2,HOBBIES_1_035,11417,7.63
WI_2,HOBBIES_1_035,11418,7.63
WI_2,HOBBIES_1_035,11419,7.63
WI_2,HOBBIES_1_035,11420,7.63
WI_2,HOBBIES_1_035,11421,7.63
WI_2,HOBBIES_1_035,11422,7.63
WI_2,HOBBIES_1_035,11423,7.63
WI_2,HOBBIES_1_035,11424,7.63
WI_2,HOBBIES_1_035,11425,7.63
WI_2,HOBBIES_1_035,11426,7.63
WI_2,HOBBIES_1_035,11427,7.63
WI_2,HOBBIES_1_035,11428,7.63
WI_2,HOBBIES_1_035,11429,7.63
WI_2,HOBBIES_1_035,11430,7.63
WI_2,HOBBIES_1_035,11431,7.63
WI_2,HOBBIES_1_035,11432,7.63
WI_2,HOBBIES_1_035,11433,7.63
WI_2,HOBBIES_1_035,11434,7.63
WI_2,HOBBIES_1_035,11435,7.63
WI_2,HOBBIES_1_035,11436,7.63
WI_2,HOBBIES_1_035,11437,7.63
WI_2,HOBBIES_1_035,11438,7.63
WI_2,HOBBIES_1_035,11439,7.63
WI_2,HOBBIES_1_035,11440,7.63
WI_2,HOBBIES_1_035,11441,7.63
WI_2,HOBBIES_1_035,11442,7.63
WI_2,HOBBIES_1_035,11443,7.63
WI_2,HOBBIES_1_035,11444,7.63
WI_2,HOBBIES_1_035,11445,7.63
WI_2,HOBBIES_1_035,11446,7.63
WI_2,HOBBIES_1_035,11447,7.63
WI_2,HOBBIES_1_035,11448,7.63
WI_2,HOBBIES_1_035,11449,7.63
WI_2,HOBBIES_1_035,11450,7.63
WI_2,HOBBIES_1_035,11451,7.63
WI_2,HOBBIES_1_035,11452,7.63
WI_2,HOBBIES_1_035,11453,7.63
WI_2,HOBBIES_1_035,11454,7.63
WI_2,HOBBIES_1_035,11455,7.63
WI_2,HOBBIES_1_035,11456,7.63
WI_2,HOBBIES_1_035,11457,7.63
WI_1,FOODS_2_036,11400,1.95
WI_1,FOODS_2_036,11401,1.95
WI_1,FOODS_2_036,11402,1.95
WI_1,FOODS_2_036,11403,1.95
WI_1,FOODS_2_036,11404,1.95
WI_1,FOODS_2_036,11405,1.95
WI_1,FOODS_2_036,11406,1.95
WI_1,FOODS_2_036,11407,1.95
WI_1,FOODS_2_036,11408,1.95
WI_1,FOODS_2_036,11409,1.95
WI_1,FOODS_2_036,11410,1.95
WI_1,FOODS_2_036,11411,1.95
WI_1,FOODS_2_036,11412,1.95
WI_1,FOODS_2_036,11413,1.95
WI_1,FOODS_2_036,11414,1.95
WI_1,FOODS_2_036,11415,1.95
WI_1,FOODS_2_036,11416,1.95
WI_1,FOODS_2_036,11417,1.95
WI_1,FOODS_2_036,11418,1.95
WI_1,FOODS_2_036,11419,1.95
WI_1,FOODS_2_036,11420,1.95
WI_1,FOODS_2_036,11421,1.95
WI_1,FOODS_2_036,11422,1.95
WI_1,FOODS_2_036,11423,1.95
WI_1,FOODS_2_036,11424,1.95
WI_1,FOODS_2_036,11425,1.95
WI_1,FOODS_2_036,11426,1.95
WI_1,FOODS_2_036,11427,1.95
WI_1,FOODS_2_036,11428,1.95
WI_1,FOODS_2_036,11429,1.95
WI_1,FOODS_2_036,11430,1.95
WI_1,FOODS_2_036,11431,1.95
WI_1,FOODS_2_036,11432,1.95
WI_1,FOODS_2_036,11433,1.95
WI_1,FOODS_2_036,11434,1.95
WI_1,FOODS_2_036,11435,1.95
WI_1,FOODS_2_036,11436,1.95
WI_1,FOODS_2_036,11437,1.95
WI_1,FOODS_2_036,11438,1.95
WI_1,FOODS_2_036,11439,1.95
WI_1,FOODS_2_036,11440,1.95
WI_1,FOODS_2_036,11441,1.95
WI_1,FOODS_2_036,11442,1.95
WI_1,FOODS_2_036,11443,1.95
WI_1,FOODS_2_036,11444,1.95
WI_1,FOODS_2_036,11445,1.95
WI_1,FOODS_2_036,11446,1.95
WI_1,FOODS_2_036,11447,1.95
WI_1,FOODS_2_036,11448,1.95
WI_1,FOODS_2_036,11449,1.95
WI_1,FOODS_2_036,11450,1.95
WI_1,FOODS_2_036,11451,1.95
WI_1,FOODS_2_036,11452,1.95
WI_1,FOODS_2_036,11453,1.95
WI_1,FOODS_2_036,11454,1.95
WI_1,FOODS_2_036,11455,1.95
WI_1,FOODS_2_036,11456,1.95
WI_1,FOODS_2_036,11457,1.95
TX_1,HOUSEHOLD_1_037,11400,9.67
TX_1,HOUSEHOLD_1_037,11401,9.67
TX_1,HOUSEHOLD_1_037,11402,9.67
TX_1,HOUSEHOLD_1_037,11403,9.67
TX_1,HOUSEHOLD_1_037,11404,9.67
TX_1,HOUSEHOLD_1_037,11405,9.67
TX_1,HOUSEHOLD_1_037,11406,9.67
TX_1,HOUSEHOLD_1_037,11407,9.67
TX_1,HOUSEHOLD_1_037,11408,9.67
TX_1,HOUSEHOLD_1_037,11409,9.67
TX_1,HOUSEHOLD_1_037,11410,9.67
TX_1,HOUSEHOLD_1_037,11411,9.67
TX_1,HOUSEHOLD_1_037,11412,9.67
TX_1,HOUSEHOLD_1_037,11413,9.67
TX_1,HOUSEHOLD_1_037,11414,9.67
TX_1,HOUSEHOLD_1_037,11415,9.67
TX_1,HOUSEHOLD_1_037,11416,9.67
TX_1,HOUSEHOLD_1_037,11417,9.67
TX_1,HOUSEHOLD_1_037,11418,9.67
TX_1,HOUSEHOLD_1_037,11419,9.67
TX_1,HOUSEHOLD_1_037,11420,9.67
TX_1,HOUSEHOLD_1_037,11421,9.67
TX_1,HOUSEHOLD_1_037,11422,9.67
TX_1,HOUSEHOLD_1_037,11423,9.67
TX_1,HOUSEHOLD_1_037,11424,9.67
TX_1,HOUSEHOLD_1_037,11425,9.67
TX_1,HOUSEHOLD_1_037,11426,9.67
TX_1,HOUSEHOLD_1_037,11427,9.67
TX_1,HOUSEHOLD_1_037,11428,9.67
TX_1,HOUSEHOLD_1_037,11429,9.67
TX_1,HOUSEHOLD_1_037,11430,9.67
TX_1,HOUSEHOLD_1_037,11431,9.67
TX_1,HOUSEHOLD_1_037,11432,9.67
TX_1,HOUSEHOLD_1_037,11433,9.67
TX_1,HOUSEHOLD_1_037,11434,9.67
TX_1,HOUSEHOLD_1_037,11435,9.67
TX_1,HOUSEHOLD_1_037,11436,9.67
TX_1,HOUSEHOLD_1_037,11437,9.67
TX_1,HOUSEHOLD_1_037,11438,9.67
TX_1,HOUSEHOLD_1_037,11439,9.67
TX_1,HOUSEHOLD_1_037,11440,9.67
TX_1,HOUSEHOLD_1_037,11441,9.67
TX_1,HOUSEHOLD_1_037,11442,9.67
TX_1,HOUSEHOLD_1_037,11443,9.67
TX_1,HOUSEHOLD_1_037,11444,9.67
TX_1,HOUSEHOLD_1_037,11445,9.67
TX_1,HOUSEHOLD_1_037,11446,9.67
TX_1,HOUSEHOLD_1_037,11447,9.67
TX_1,HOUSEHOLD_1_037,11448,9.67
TX_1,HOUSEHOLD_1_037,11449,9.67
TX_1,HOUSEHOLD_1_037,11450,9.67
TX_1,HOUSEHOLD_1_037,11451,9.67
TX_1,HOUSEHOLD_1_037,11452,9.67
TX_1,HOUSEHOLD_1_037,11453,9.67
TX_1,HOUSEHOLD_1_037,11454,9.67
TX_1,HOUSEHOLD_1_037,11455,9.67
TX_1,HOUSEHOLD_1_037,11456,9.67
TX_1,HOUSEHOLD_1_037,11457,9.67
TX_1,HOUSEHOLD_1_038,11400,6.83
TX_1,HOUSEHOLD_1_038,11401,6.83
TX_1,HOUSEHOLD_1_038,11402,6.83
TX_1,HOUSEHOLD_1_038,11403,6.83
TX_1,HOUSEHOLD_1_038,11404,6.83
TX_1,HOUSEHOLD_1_038,11405,6.83
TX_1,HOUSEHOLD_1_038,11406,6.83
TX_1,HOUSEHOLD_1_038,11407,6.83
TX_1,HOUSEHOLD_1_038,11408,6.83
TX_1,HOUSEHOLD_1_038,11409,6.83
TX_1,HOUSEHOLD_1_038,11410,6.83
TX_1,HOUSEHOLD_1_038,11411,6.83
TX_1,HOUSEHOLD_1_038,11412,6.83
TX_1,HOUSEHOLD_1_038,11413,6.83
TX_1,HOUSEHOLD_1_038,11414,6.83
TX_1,HOUSEHOLD_1_038,11415,6.83
TX_1,HOUSEHOLD_1_038,11416,6.83
TX_1,HOUSEHOLD_1_038,11417,6.83
TX_1,HOUSEHOLD_1_038,11418,6.83
TX_1,HOUSEHOLD_1_038,11419,6.83
TX_1,HOUSEHOLD_1_038,11420,6.83
TX_1,HOUSEHOLD_1_038,11421,6.83
TX_1,HOUSEHOLD_1_038,11422,6.83
TX_1,HOUSEHOLD_1_038,11423,6.83
TX_1,HOUSEHOLD_1_038,11424,6.83
TX_1,HOUSEHOLD_1_038,11425,6.83
TX_1,HOUSEHOLD_1_038,11426,6.83
TX_1,HOUSEHOLD_1_038,11427,6.83
TX_1,HOUSEHOLD_1_038,11428,6.83
TX_1,HOUSEHOLD_1_038,11429,6.83
TX_1,HOUSEHOLD_1_038,11430,6.83
TX_1,HOUSEHOLD_1_038,11431,6.83
TX_1,HOUSEHOLD_1_038,11432,6.83
TX_1,HOUSEHOLD_1_038,11433,6.83
TX_1,HOUSEHOLD_1_038,11434,6.83
TX_1,HOUSEHOLD_1_038,11435,6.83
TX_1,HOUSEHOLD_1_038,11436,6.83
TX_1,HOUSEHOLD_1_038,11437,6.83
TX_1,HOUSEHOLD_1_038,11438,6.83
TX_1,HOUSEHOLD_1_038,11439,6.83
TX_1,HOUSEHOLD_1_038,11440,6.83
TX_1,HOUSEHOLD_1_038,11441,6.83
TX_1,HOUSEHOLD_1_038,11442,6.83
TX_1,HOUSEHOLD_1_038,11443,6.83
TX_1,HOUSEHOLD_1_038,11444,6.83
TX_1,HOUSEHOLD_1_038,11445,6.83
TX_1,HOUSEHOLD_1_038,11446,6.83
TX_1,HOUSEHOLD_1_038,11447,6.83
TX_1,HOUSEHOLD_1_038,11448,6.83
TX_1,HOUSEHOLD_1_038,11449,6.83
TX_1,HOUSEHOLD_1_038,11450,6.83
TX_1,HOUSEHOLD_1_038,11451,6.83
TX_1,HOUSEHOLD_1_038,11452,6.83
TX_1,HOUSEHOLD_1_038,11453,6.83
TX_1,HOUSEHOLD_1_038,11454,6.83
TX_1,HOUSEHOLD_1_038,11455,6.83
TX_1,HOUSEHOLD_1_038,11456,6.83
TX_1,HOUSEHOLD_1_038,11457,6.83
CA_1,HOBBIES_1_039,11400,11.27
CA_1,HOBBIES_1_039,11401,11.27
CA_1,HOBBIES_1_039,11402,11.27
CA_1,HOBBIES_1_039,11403,11.27
CA_1,HOBBIES_1_039,11404,11.27
CA_1,HOBBIES_1_039,11405,11.27
CA_1,HOBBIES_1_039,11406,11.27
CA_1,HOBBIES_1_039,11407,11.27
CA_1,HOBBIES_1_039,11408,11.27
CA_1,HOBBIES_1_039,11409,11.27
CA_1,HOBBIES_1_039,11410,11.27
CA_1,HOBBIES_1_039,11411,11.27
CA_1,HOBBIES_1_039,11412,11.27
CA_1,HOBBIES_1_039,11413,11.27
CA_1,HOBBIES_1_039,11414,11.27
CA_1,HOBBIES_1_039,11415,11.27
CA_1,HOBBIES_1_039,11416,11.27
CA_1,HOBBIES_1_039,11417,11.27
CA_1,HOBBIES_1_039,11418,11.27
CA_1,HOBBIES_1_039,11419,11.27
CA_1,HOBBIES_1_039,11420,11.27
CA_1,HOBBIES_1_039,11421,11.27
CA_1,HOBBIES_1_039,11422,11.27
CA_1,HOBBIES_1_039,11423,11.27
CA_1,HOBBIES_1_039,11424,11.27
CA_1,HOBBIES_1_039,11425,11.27
CA_1,HOBBIES_1_039,11426,11.27
CA_1,HOBBIES_1_039,11427,11.27
CA_1,HOBBIES_1_039,11428,11.27
CA_1,HOBBIES_1_039,11429,11.27
CA_1,HOBBIES_1_039,11430,11.27
CA_1,HOBBIES_1_039,11431,11.27
CA_1,HOBBIES_1_039,11432,11.27
CA_1,HOBBIES_1_039,11433,11.27
CA_1,HOBBIES_1_039,11434,11.27
CA_1,HOBBIES_1_039,11435,11.27
CA_1,HOBBIES_1_039,11436,11.27
CA_1,HOBBIES_1_039,11437,11.27
CA_1,HOBBIES_1_039,11438,11.27
CA_1,HOBBIES_1_039,11439,11.27
CA_1,HOBBIES_1_039,11440,11.27
CA_1,HOBBIES_1_039,11441,11.27
CA_1,HOBBIES_1_039,11442,11.27
CA_1,HOBBIES_1_039,11443,11.27
CA_1,HOBBIES_1_039,11444,11.27
CA_1,HOBBIES_1_039,11445,11.27
CA_1,HOBBIES_1_039,11446,11.27
CA_1,HOBBIES_1_039,11447,11.27
CA_1,HOBBIES_1_039,11448,11.27
CA_1,HOBBIES_1_039,11449,11.27
CA_1,HOBBIES_1_039,11450,11.27
CA_1,HOBBIES_1_039,11451,11.27
CA_1,HOBBIES_1_039,11452,11.27
CA_1,HOBBIES_1_039,11453,11.27
CA_1,HOBBIES_1_039,11454,11.27
CA_1,HOBBIES_1_039,11455,11.27
CA_1,HOBBIES_1_039,11456,11.27
CA_1,HOBBIES_1_039,11457,11.27
CA_2,FOODS_2_040,11400,5.22
CA_2,FOODS_2_040,11401,5.22
CA_2,FOODS_2_040,11402,5.22
CA_2,FOODS_2_040,11403,5.22
CA_2,FOODS_2_040,11404,5.22
CA_2,FOODS_2_040,11405,5.22
CA_2,FOODS_2_040,11406,5.22
CA_2,FOODS_2_040,11407,5.22
CA_2,FOODS_2_040,11408,5.22
CA_2,FOODS_2_040,11409,5.22
CA_2,FOODS_2_040,11410,5.22
CA_2,FOODS_2_040,11411,5.22
CA_2,FOODS_2_040,11412,5.22
CA_2,FOODS_2_040,11413,5.22
CA_2,FOODS_2_040,11414,5.22
CA_2,FOODS_2_040,11415,5.22
CA_2,FOODS_2_040,11416,5.22
CA_2,FOODS_2_040,11417,5.22
CA_2,FOODS_2_040,11418,5.22
CA_2,FOODS_2_040,11419,5.22
CA_2,FOODS_2_040,11420,5.22
CA_2,FOODS_2_040,11421,5.22
CA_2,FOODS_2_040,11422,5.22
CA_2,FOODS_2_040,11423,5.22
CA_2,FOODS_2_040,11424,5.22
CA_2,FOODS_2_040,11425,5.22
CA_2,FOODS_2_040,11426,5.22
CA_2,FOODS_2_040,11427,5.22
CA_2,FOODS_2_040,11428,5.22
CA_2,FOODS_2_040,11429,5.22
CA_2,FOODS_2_040,11430,5.22
CA_2,FOODS_2_040,11431,5.22
CA_2,FOODS_2_040,11432,5.22
CA_2,FOODS_2_040,11433,5.22
CA_2,FOODS_2_040,11434,5.22
CA_2,FOODS_2_040,11435,5.22
CA_2,FOODS_2_040,11436,5.22
CA_2,FOODS_2_040,11437,5.22
CA_2,FOODS_2_040,11438,5.22
CA_2,FOODS_2_040,11439,5.22
CA_2,FOODS_2_040,11440,5.22
CA_2,FOODS_2_040,11441,5.22
CA_2,FOODS_2_040,11442,5.22
CA_2,FOODS_2_040,11443,5.22
CA_2,FOODS_2_040,11444,5.22
CA_2,FOODS_2_040,11445,5.22
CA_2,FOODS_2_040,11446,5.22
CA_2,FOODS_2_040,11447,5.22
CA_2,FOODS_2_040,11448,5.22
CA_2,FOODS_2_040,11449,5.22
CA_2,FOODS_2_040,11450,5.22
CA_2,FOODS_2_040,11451,5.22
CA_2,FOODS_2_040,11452,5.22
CA_2,FOODS_2_040,11453,5.22
CA_2,FOODS_2_040,11454,5.22
CA_2,FOODS_2_040,11455,5.22
CA_2,FOODS_2_040,11456,5.22
CA_2,FOODS_2_040,11457,5.22
TX_1,HOUSEHOLD_1_041,11400,11.46
TX_1,HOUSEHOLD_1_041,11401,11.46
TX_1,HOUSEHOLD_1_041,11402,11.46
TX_1,HOUSEHOLD_1_041,11403,11.46
TX_1,HOUSEHOLD_1_041,11404,11.46
TX_1,HOUSEHOLD_1_041,11405,11.46
TX_1,HOUSEHOLD_1_041,11406,11.46
TX_1,HOUSEHOLD_1_041,11407,11.46
TX_1,HOUSEHOLD_1_041,11408,11.46
TX_1,HOUSEHOLD_1_041,11409,11.46
TX_1,HOUSEHOLD_1_041,11410,11.46
TX_1,HOUSEHOLD_1_041,11411,11.46
TX_1,HOUSEHOLD_1_041,11412,11.46
TX_1,HOUSEHOLD_1_041,11413,11.46
TX_1,HOUSEHOLD_1_041,11414,11.46
TX_1,HOUSEHOLD_1_041,11415,11.46
TX_1,HOUSEHOLD_1_041,11416,11.46
TX_1,HOUSEHOLD_1_041,11417,11.46
TX_1,HOUSEHOLD_1_041,11418,11.46
TX_1,HOUSEHOLD_1_041,11419,11.46
TX_1,HOUSEHOLD_1_041,11420,11.46
TX_1,HOUSEHOLD_1_041,11421,11.46
TX_1,HOUSEHOLD_1_041,11422,11.46
TX_1,HOUSEHOLD_1_041,11423,11.46
TX_1,HOUSEHOLD_1_041,11424,11.46
TX_1,HOUSEHOLD_1_041,11425,11.46
TX_1,HOUSEHOLD_1_041,11426,11.46
TX_1,HOUSEHOLD_1_041,11427,11.46
TX_1,HOUSEHOLD_1_041,11428,11.46
TX_1,HOUSEHOLD_1_041,11429,11.46
TX_1,HOUSEHOLD_1_041,11430,11.46
TX_1,HOUSEHOLD_1_041,11431,11.46
TX_1,HOUSEHOLD_1_041,11432,11.46
TX_1,HOUSEHOLD_1_041,11433,11.46
TX_1,HOUSEHOLD_1_041,11434,11.46
TX_1,HOUSEHOLD_1_041,11435,11.46
TX_1,HOUSEHOLD_1_041,11436,11.46
TX_1,HOUSEHOLD_1_041,11437,11.46
TX_1,HOUSEHOLD_1_041,11438,11.46
TX_1,HOUSEHOLD_1_041,11439,11.46
TX_1,HOUSEHOLD_1_041,11440,11.46
TX_1,HOUSEHOLD_1_041,11441,11.46
TX_1,HOUSEHOLD_1_041,11442,11.46
TX_1,HOUSEHOLD_1_041,11443,11.46
TX_1,HOUSEHOLD_1_041,11444,11.46
TX_1,HOUSEHOLD_1_041,11445,11.46
TX_1,HOUSEHOLD_1_041,11446,11.46
TX_1,HOUSEHOLD_1_041,11447,11.46
TX_1,HOUSEHOLD_1_041,11448,11.46
TX_1,HOUSEHOLD_1_041,11449,11.46
TX_1,HOUSEHOLD_1_041,11450,11.46
TX_1,HOUSEHOLD_1_041,11451,11.46
TX_1,HOUSEHOLD_1_041,11452,11.46
TX_1,HOUSEHOLD_1_041,11453,11.46
TX_1,HOUSEHOLD_1_041,11454,11.46
TX_1,HOUSEHOLD_1_041,11455,11.46
TX_1,HOUSEHOLD_1_041,11456,11.46
TX_1,HOUSEHOLD_1_041,11457,11.46
WI_2,FOODS_1_042,11400,6.13
WI_2,FOODS_1_042,11401,6.13
WI_2,FOODS_1_042,11402,6.13
WI_2,FOODS_1_042,11403,6.13
WI_2,FOODS_1_042,11404,6.13
WI_2,FOODS_1_042,11405,6.13
WI_2,FOODS_1_042,11406,6.13
WI_2,FOODS_1_042,11407,6.13
WI_2,FOODS_1_042,11408,6.13
WI_2,FOODS_1_042,11409,6.13
WI_2,FOODS_1_042,11410,6.13
WI_2,FOODS_1_042,11411,6.13
WI_2,FOODS_1_042,11412,6.13
WI_2,FOODS_1_042,11413,6.13
WI_2,FOODS_1_042,11414,6.13
WI_2,FOODS_1_042,11415,6.13
WI_2,FOODS_1_042,11416,6.13
WI_2,FOODS_1_042,11417,6.13
WI_2,FOODS_1_042,11418,6.13
WI_2,FOODS_1_042,11419,6.13
WI_2,FOODS_1_042,11420,6.13
WI_2,FOODS_1_042,11421,6.13
WI_2,FOODS_1_042,11422,6.13
WI_2,FOODS_1_042,11423,6.13
WI_2,FOODS_1_042,11424,6.13
WI_2,FOODS_1_042,11425,6.13
WI_2,FOODS_1_042,11426,6.13
WI_2,FOODS_1_042,11427,6.13
WI_2,FOODS_1_042,11428,6.13
WI_2,FOODS_1_042,11429,6.13
WI_2,FOODS_1_042,11430,6.13
WI_2,FOODS_1_042,11431,6.13
WI_2,FOODS_1_042,11432,6.13
WI_2,FOODS_1_042,11433,6.13
WI_2,FOODS_1_042,11434,6.13
WI_2,FOODS_1_042,11435,6.13
WI_2,FOODS_1_042,11436,6.13
WI_2,FOODS_1_042,11437,6.13
WI_2,FOODS_1_042,11438,6.13
WI_2,FOODS_1_042,11439,6.13
WI_2,FOODS_1_042,11440,6.13
WI_2,FOODS_1_042,11441,6.13
WI_2,FOODS_1_042,11442,6.13
WI_2,FOODS_1_042,11443,6.13
WI_2,FOODS_1_042,11444,6.13
WI_2,FOODS_1_042,11445,6.13
WI_2,FOODS_1_042,11446,6.13
WI_2,FOODS_1_042,11447,6.13
WI_2,FOODS_1_042,11448,6.13
WI_2,FOODS_1_042,11449,6.13
WI_2,FOODS_1_042,11450,6.13
WI_2,FOODS_1_042,11451,6.13
WI_2,FOODS_1_042,11452,6.13
WI_2,FOODS_1_042,11453,6.13
WI_2,FOODS_1_042,11454,6.13
WI_2,FOODS_1_042,11455,6.13
WI_2,FOODS_1_042,11456,6.13
WI_2,FOODS_1_042,11457,6.13
WI_1,HOBBIES_1_043,11400,4.11
WI_1,HOBBIES_1_043,11401,4.11
WI_1,HOBBIES_1_043,11402,4.11
WI_1,HOBBIES_1_043,11403,4.11
WI_1,HOBBIES_1_043,11404,4.11
WI_1,HOBBIES_1_043,11405,4.11
WI_1,HOBBIES_1_043,11406,4.11
WI_1,HOBBIES_1_043,11407,4.11
WI_1,HOBBIES_1_043,11408,4.11
WI_1,HOBBIES_1_043,11409,4.11
WI_1,HOBBIES_1_043,11410,4.11
WI_1,HOBBIES_1_043,11411,4.11
WI_1,HOBBIES_1_043,11412,4.11
WI_1,HOBBIES_1_043,11413,4.11
WI_1,HOBBIES_1_043,11414,4.11
WI_1,HOBBIES_1_043,11415,4.11
WI_1,HOBBIES_1_043,11416,4.11
WI_1,HOBBIES_1_043,11417,4.11
WI_1,HOBBIES_1_043,11418,4.11
WI_1,HOBBIES_1_043,11419,4.11
WI_1,HOBBIES_1_043,11420,4.11
WI_1,HOBBIES_1_043,11421,4.11
WI_1,HOBBIES_1_043,11422,4.11
WI_1,HOBBIES_1_043,11423,4.11
WI_1,HOBBIES_1_043,11424,4.11
WI_1,HOBBIES_1_043,11425,4.11
WI_1,HOBBIES_1_043,11426,4.11
WI_1,HOBBIES_1_043,11427,4.11
WI_1,HOBBIES_1_043,11428,4.11
WI_1,HOBBIES_1_043,11429,4.11
WI_1,HOBBIES_1_043,11430,4.11
WI_1,HOBBIES_1_043,11431,4.11
WI_1,HOBBIES_1_043,11432,4.11
WI_1,HOBBIES_1_043,11433,4.11
WI_1,HOBBIES_1_043,11434,4.11
WI_1,HOBBIES_1_043,11435,4.11
WI_1,HOBBIES_1_043,11436,4.11
WI_1,HOBBIES_1_043,11437,4.11
WI_1,HOBBIES_1_043,11438,4.11
WI_1,HOBBIES_1_043,11439,4.11
WI_1,HOBBIES_1_043,11440,4.11
WI_1,HOBBIES_1_043,11441,4.11
WI_1,HOBBIES_1_043,11442,4.11
WI_1,HOBBIES_1_043,11443,4.11
WI_1,HOBBIES_1_043,11444,4.11
WI_1,HOBBIES_1_043,11445,4.11
WI_1,HOBBIES_1_043,11446,4.11
WI_1,HOBBIES_1_043,11447,4.11
WI_1,HOBBIES_1_043,11448,4.11
WI_1,HOBBIES_1_043,11449,4.11
WI_1,HOBBIES_1_043,11450,4.11
WI_1,HOBBIES_1_043,11451,4.11
WI_1,HOBBIES_1_043,11452,4.11
WI_1,HOBBIES_1_043,11453,4.11
WI_1,HOBBIES_1_043,11454,4.11
WI_1,HOBBIES_1_043,11455,4.11
WI_1,HOBBIES_1_043,11456,4.11
WI_1,HOBBIES_1_043,11457,4.11
CA_2,HOUSEHOLD_1_044,11400,3.87
CA_2,HOUSEHOLD_1_044,11401,3.87
CA_2,HOUSEHOLD_1_044,11402,3.87
CA_2,HOUSEHOLD_1_044,11403,3.87
CA_2,HOUSEHOLD_1_044,11404,3.87
CA_2,HOUSEHOLD_1_044,11405,3.87
CA_2,HOUSEHOLD_1_044,11406,3.87
CA_2,HOUSEHOLD_1_044,11407,3.87
CA_2,HOUSEHOLD_1_044,11408,3.87
CA_2,HOUSEHOLD_1_044,11409,3.87
CA_2,HOUSEHOLD_1_044,11410,3.87
CA_2,HOUSEHOLD_1_044,11411,3.87
CA_2,HOUSEHOLD_1_044,11412,3.87
CA_2,HOUSEHOLD_1_044,11413,3.87
CA_2,HOUSEHOLD_1_044,11414,3.87
CA_2,HOUSEHOLD_1_044,11415,3.87
CA_2,HOUSEHOLD_1_044,11416,3.87
CA_2,HOUSEHOLD_1_044,11417,3.87
CA_2,HOUSEHOLD_1_044,11418,3.87
CA_2,HOUSEHOLD_1_044,11419,3.87
CA_2,HOUSEHOLD_1_044,11420,3.87
CA_2,HOUSEHOLD_1_044,11421,3.87
CA_2,HOUSEHOLD_1_044,11422,3.87
CA_2,HOUSEHOLD_1_044,11423,3.87
CA_2,HOUSEHOLD_1_044,11424,3.87
CA_2,HOUSEHOLD_1_044,11425,3.87
CA_2,HOUSEHOLD_1_044,11426,3.87
CA_2,HOUSEHOLD_1_044,11427,3.87
CA_2,HOUSEHOLD_1_044,11428,3.87
CA_2,HOUSEHOLD_1_044,11429,3.87
CA_2,HOUSEHOLD_1_044,11430,3.87
CA_2,HOUSEHOLD_1_044,11431,3.87
CA_2,HOUSEHOLD_1_044,11432,3.87
CA_2,HOUSEHOLD_1_044,11433,3.87
CA_2,HOUSEHOLD_1_044,11434,3.87
CA_2,HOUSEHOLD_1_044,11435,3.87
CA_2,HOUSEHOLD_1_044,11436,3.87
CA_2,HOUSEHOLD_1_044,11437,3.87
CA_2,HOUSEHOLD_1_044,11438,3.87
CA_2,HOUSEHOLD_1_044,11439,3.87
CA_2,HOUSEHOLD_1_044,11440,3.87
CA_2,HOUSEHOLD_1_044,11441,3.87
CA_2,HOUSEHOLD_1_044,11442,3.87
CA_2,HOUSEHOLD_1_044,11443,3.87
CA_2,HOUSEHOLD_1_044,11444,3.87
CA_2,HOUSEHOLD_1_044,11445,3.87
CA_2,HOUSEHOLD_1_044,11446,3.87
CA_2,HOUSEHOLD_1_044,11447,3.87
CA_2,HOUSEHOLD_1_044,11448,3.87
CA_2,HOUSEHOLD_1_044,11449,3.87
CA_2,HOUSEHOLD_1_044,11450,3.87
CA_2,HOUSEHOLD_1_044,11451,3.87
CA_2,HOUSEHOLD_1_044,11452,3.87
CA_2,HOUSEHOLD_1_044,11453,3.87
CA_2,HOUSEHOLD_1_044,11454,3.87
CA_2,HOUSEHOLD_1_044,11455,3.87
CA_2,HOUSEHOLD_1_044,11456,3.87
CA_2,HOUSEHOLD_1_044,11457,3.87
WI_2,HOBBIES_1_045,11400,6.81
WI_2,HOBBIES_1_045,11401,6.81
WI_2,HOBBIES_1_045,11402,6.81
WI_2,HOBBIES_1_045,11403,6.81
WI_2,HOBBIES_1_045,11404,6.81
WI_2,HOBBIES_1_045,11405,6.81
WI_2,HOBBIES_1_045,11406,6.81
WI_2,HOBBIES_1_045,11407,6.81
WI_2,HOBBIES_1_045,11408,6.81
WI_2,HOBBIES_1_045,11409,6.81
WI_2,HOBBIES_1_045,11410,6.81
WI_2,HOBBIES_1_045,11411,6.81
WI_2,HOBBIES_1_045,11412,6.81
WI_2,HOBBIES_1_045,11413,6.81
WI_2,HOBBIES_1_045,11414,6.81
WI_2,HOBBIES_1_045,11415,6.81
WI_2,HOBBIES_1_045,11416,6.81
WI_2,HOBBIES_1_045,11417,6.81
WI_2,HOBBIES_1_045,11418,6.81
WI_2,HOBBIES_1_045,11419,6.81
WI_2,HOBBIES_1_045,11420,6.81
WI_2,HOBBIES_1_045,11421,6.81
WI_2,HOBBIES_1_045,11422,6.81
WI_2,HOBBIES_1_045,11423,6.81
WI_2,HOBBIES_1_045,11424,6.81
WI_2,HOBBIES_1_045,11425,6.81
WI_2,HOBBIES_1_045,11426,6.81
WI_2,HOBBIES_1_045,11427,6.81
WI_2,HOBBIES_1_045,11428,6.81
WI_2,HOBBIES_1_045,11429,6.81
WI_2,HOBBIES_1_045,11430,6.81
WI_2,HOBBIES_1_045,11431,6.81
WI_2,HOBBIES_1_045,11432,6.81
WI_2,HOBBIES_1_045,11433,6.81
WI_2,HOBBIES_1_045,11434,6.81
WI_2,HOBBIES_1_045,11435,6.81
WI_2,HOBBIES_1_045,11436,6.81
WI_2,HOBBIES_1_045,11437,6.81
WI_2,HOBBIES_1_045,11438,6.81
WI_2,HOBBIES_1_045,11439,6.81
WI_2,HOBBIES_1_045,11440,6.81
WI_2,HOBBIES_1_045,11441,6.81
WI_2,HOBBIES_1_045,11442,6.81
WI_2,HOBBIES_1_045,11443,6.81
WI_2,HOBBIES_1_045,11444,6.81
WI_2,HOBBIES_1_045,11445,6.81
WI_2,HOBBIES_1_045,11446,6.81
WI_2,HOBBIES_1_045,11447,6.81
WI_2,HOBBIES_1_045,11448,6.81
WI_2,HOBBIES_1_045,11449,6.81
WI_2,HOBBIES_1_045,11450,6.81
WI_2,HOBBIES_1_045,11451,6.81
WI_2,HOBBIES_1_045,11452,6.81
WI_2,HOBBIES_1_045,11453,6.81
WI_2,HOBBIES_1_045,11454,6.81
WI_2,HOBBIES_1_045,11455,6.81
WI_2,HOBBIES_1_045,11456,6.81
WI_2,HOBBIES_1_045,11457,6.81
WI_1,FOODS_2_046,11400,8.62
WI_1,FOODS_2_046,11401,8.62
WI_1,FOODS_2_046,11402,8.62
WI_1,FOODS_2_046,11403,8.62
WI_1,FOODS_2_046,11404,8.62
WI_1,FOODS_2_046,11405,8.62
WI_1,FOODS_2_046,11406,8.62
WI_1,FOODS_2_046,11407,8.62
WI_1,FOODS_2_046,11408,8.62
WI_1,FOODS_2_046,11409,8.62
WI_1,FOODS_2_046,11410,8.62
WI_1,FOODS_2_046,11411,8.62
WI_1,FOODS_2_046,11412,8.62
WI_1,FOODS_2_046,11413,8.62
WI_1,FOODS_2_046,11414,8.62
WI_1,FOODS_2_046,11415,8.62
WI_1,FOODS_2_046,11416,8.62
WI_1,FOODS_2_046,11417,8.62
WI_1,FOODS_2_046,11418,8.62
WI_1,FOODS_2_046,11419,8.62
WI_1,FOODS_2_046,11420,8.62
WI_1,FOODS_2_046,11421,8.62
WI_1,FOODS_2_046,11422,8.62
WI_1,FOODS_2_046,11423,8.62
WI_1,FOODS_2_046,11424,8.62
WI_1,FOODS_2_046,11425,8.62
WI_1,FOODS_2_046,11426,8.62
WI_1,FOODS_2_046,11427,8.62
WI_1,FOODS_2_046,11428,8.62
WI_1,FOODS_2_046,11429,8.62
WI_1,FOODS_2_046,11430,8.62
WI_1,FOODS_2_046,11431,8.62
WI_1,FOODS_2_046,11432,8.62
WI_1,FOODS_2_046,11433,8.62
WI_1,FOODS_2_046,11434,8.62
WI_1,FOODS_2_046,11435,8.62
WI_1,FOODS_2_046,11436,8.62
WI_1,FOODS_2_046,11437,8.62
WI_1,FOODS_2_046,11438,8.62
WI_1,FOODS_2_046,11439,8.62
WI_1,FOODS_2_046,11440,8.62
WI_1,FOODS_2_046,11441,8.62
WI_1,FOODS_2_046,11442,8.62
WI_1,FOODS_2_046,11443,8.62
WI_1,FOODS_2_046,11444,8.62
WI_1,FOODS_2_046,11445,8.62
WI_1,FOODS_2_046,11446,8.62
WI_1,FOODS_2_046,11447,8.62
WI_1,FOODS_2_046,11448,8.62
WI_1,FOODS_2_046,11449,8.62
WI_1,FOODS_2_046,11450,8.62
WI_1,FOODS_2_046,11451,8.62
WI_1,FOODS_2_046,11452,8.62
WI_1,FOODS_2_046,11453,8.62
WI_1,FOODS_2_046,11454,8.62
WI_1,FOODS_2_046,11455,8.62
WI_1,FOODS_2_046,11456,8.62
WI_1,FOODS_2_046,11457,8.62
TX_2,HOBBIES_1_047,11400,6.33
TX_2,HOBBIES_1_047,11401,6.33
TX_2,HOBBIES_1_047,11402,6.33
TX_2,HOBBIES_1_047,11403,6.33
TX_2,HOBBIES_1_047,11404,6.33
TX_2,HOBBIES_1_047,11405,6.33
TX_2,HOBBIES_1_047,11406,6.33
TX_2,HOBBIES_1_047,11407,6.33
TX_2,HOBBIES_1_047,11408,6.33
TX_2,HOBBIES_1_047,11409,6.33
TX_2,HOBBIES_1_047,11410,6.33
TX_2,HOBBIES_1_047,11411,6.33
TX_2,HOBBIES_1_047,11412,6.33
TX_2,HOBBIES_1_047,11413,6.33
TX_2,HOBBIES_1_047,11414,6.33
TX_2,HOBBIES_1_047,11415,6.33
TX_2,HOBBIES_1_047,11416,6.33
TX_2,HOBBIES_1_047,11417,6.33
TX_2,HOBBIES_1_047,11418,6.33
TX_2,HOBBIES_1_047,11419,6.33
TX_2,HOBBIES_1_047,11420,6.33
TX_2,HOBBIES_1_047,11421,6.33
TX_2,HOBBIES_1_047,11422,6.33
TX_2,HOBBIES_1_047,11423,6.33
TX_2,HOBBIES_1_047,11424,6.33
TX_2,HOBBIES_1_047,11425,6.33
TX_2,HOBBIES_1_047,11426,6.33
TX_2,HOBBIES_1_047,11427,6.33
TX_2,HOBBIES_1_047,11428,6.33
TX_2,HOBBIES_1_047,11429,6.33
TX_2,HOBBIES_1_047,11430,6.33
TX_2,HOBBIES_1_047,11431,6.33
TX_2,HOBBIES_1_047,11432,6.33
TX_2,HOBBIES_1_047,11433,6.33
TX_2,HOBBIES_1_047,11434,6.33
TX_2,HOBBIES_1_047,11435,6.33
TX_2,HOBBIES_1_047,11436,6.33
TX_2,HOBBIES_1_047,11437,6.33
TX_2,HOBBIES_1_047,11438,6.33
TX_2,HOBBIES_1_047,11439,6.33
TX_2,HOBBIES_1_047,11440,6.33
TX_2,HOBBIES_1_047,11441,6.33
TX_2,HOBBIES_1_047,11442,6.33
TX_2,HOBBIES_1_047,11443,6.33
TX_2,HOBBIES_1_047,11444,6.33
TX_2,HOBBIES_1_047,11445,6.33
TX_2,HOBBIES_1_047,11446,6.33
TX_2,HOBBIES_1_047,11447,6.33
TX_2,HOBBIES_1_047,11448,6.33
TX_2,HOBBIES_1_047,11449,6.33
TX_2,HOBBIES_1_047,11450,6.33
TX_2,HOBBIES_1_047,11451,6.33
TX_2,HOBBIES_1_047,11452,6.33
TX_2,HOBBIES_1_047,11453,6.33
TX_2,HOBBIES_1_047,11454,6.33
TX_2,HOBBIES_1_047,11455,6.33
TX_2,HOBBIES_1_047,11456,6.33
TX_2,HOBBIES_1_047,11457,6.33
WI_2,FOODS_1_048,11400,8.5
WI_2,FOODS_1_048,11401,8.5
WI_2,FOODS_1_048,11402,8.5
WI_2,FOODS_1_048,11403,8.5
WI_2,FOODS_1_048,11404,8.5
WI_2,FOODS_1_048,11405,8.5
WI_2,FOODS_1_048,11406,8.5
WI_2,FOODS_1_048,11407,8.5
WI_2,FOODS_1_048,11408,8.5
WI_2,FOODS_1_048,11409,8.5
WI_2,FOODS_1_048,11410,8.5
WI_2,FOODS_1_048,11411,8.5
WI_2,FOODS_1_048,11412,8.5
WI_2,FOODS_1_048,11413,8.5
WI_2,FOODS_1_048,11414,8.5
WI_2,FOODS_1_048,11415,8.5
WI_2,FOODS_1_048,11416,8.5
WI_2,FOODS_1_048,11417,8.5
WI_2,FOODS_1_048,11418,8.5
WI_2,FOODS_1_048,11419,8.5
WI_2,FOODS_1_048,11420,8.5
WI_2,FOODS_1_048,11421,8.5
WI_2,FOODS_1_048,11422,8.5
WI_2,FOODS_1_048,11423,8.5
WI_2,FOODS_1_048,11424,8.5
WI_2,FOODS_1_048,11425,8.5
WI_2,FOODS_1_048,11426,8.5
WI_2,FOODS_1_048,11427,8.5
WI_2,FOODS_1_048,11428,8.5
WI_2,FOODS_1_048,11429,8.5
WI_2,FOODS_1_048,11430,8.5
WI_2,FOODS_1_048,11431,8.5
WI_2,FOODS_1_048,11432,8.5
WI_2,FOODS_1_048,11433,8.5
WI_2,FOODS_1_048,11434,8.5
WI_2,FOODS_1_048,11435,8.5
WI_2,FOODS_1_048,11436,8.5
WI_2,FOODS_1_048,11437,8.5
WI_2,FOODS_1_048,11438,8.5
WI_2,FOODS_1_048,11439,8.5
WI_2,FOODS_1_048,11440,8.5
WI_2,FOODS_1_048,11441,8.5
WI_2,FOODS_1_048,11442,8.5
WI_2,FOODS_1_048,11443,8.5
WI_2,FOODS_1_048,11444,8.5
WI_2,FOODS_1_048,11445,8.5
WI_2,FOODS_1_048,11446,8.5
WI_2,FOODS_1_048,11447,8.5
WI_2,FOODS_1_048,11448,8.5
WI_2,FOODS_1_048,11449,8.5
WI_2,FOODS_1_048,11450,8.5
WI_2,FOODS_1_048,11451,8.5
WI_2,FOODS_1_048,11452,8.5
WI_2,FOODS_1_048,11453,8.5
WI_2,FOODS_1_048,11454,8.5
WI_2,FOODS_1_048,11455,8.5
WI_2,FOODS_1_048,11456,8.5
WI_2,FOODS_1_048,11457,8.5
CA_2,HOBBIES_1_049,11400,8.53
CA_2,HOBBIES_1_049,11401,8.53
CA_2,HOBBIES_1_049,11402,8.53
CA_2,HOBBIES_1_049,11403,8.53
CA_2,HOBBIES_1_049,11404,8.53
CA_2,HOBBIES_1_049,11405,8.53
CA_2,HOBBIES_1_049,11406,8.53
CA_2,HOBBIES_1_049,11407,8.53
CA_2,HOBBIES_1_049,11408,8.53
CA_2,HOBBIES_1_049,11409,8.53
CA_2,HOBBIES_1_049,11410,8.53
CA_2,HOBBIES_1_049,11411,8.53
CA_2,HOBBIES_1_049,11412,8.53
CA_2,HOBBIES_1_049,11413,8.53
CA_2,HOBBIES_1_049,11414,8.53
CA_2,HOBBIES_1_049,11415,8.53
CA_2,HOBBIES_1_049,11416,8.53
CA_2,HOBBIES_1_049,11417,8.53
CA_2,HOBBIES_1_049,11418,8.53
CA_2,HOBBIES_1_049,11419,8.53
CA_2,HOBBIES_1_049,11420,8.53
CA_2,HOBBIES_1_049,11421,8.53
CA_2,HOBBIES_1_049,11422,8.53
CA_2,HOBBIES_1_049,11423,8.53
CA_2,HOBBIES_1_049,11424,8.53
CA_2,HOBBIES_1_049,11425,8.53
CA_2,HOBBIES_1_049,11426,8.53
CA_2,HOBBIES_1_049,11427,8.53
CA_2,HOBBIES_1_049,11428,8.53
CA_2,HOBBIES_1_049,11429,8.53
CA_2,HOBBIES_1_049,11430,8.53
CA_2,HOBBIES_1_049,11431,8.53
CA_2,HOBBIES_1_049,11432,8.53
CA_2,HOBBIES_1_049,11433,8.53
CA_2,HOBBIES_1_049,11434,8.53
CA_2,HOBBIES_1_049,11435,8.53
CA_2,HOBBIES_1_049,11436,8.53
CA_2,HOBBIES_1_049,11437,8.53
CA_2,HOBBIES_1_049,11438,8.53
CA_2,HOBBIES_1_049,11439,8.53
CA_2,HOBBIES_1_049,11440,8.53
CA_2,HOBBIES_1_049,11441,8.53
CA_2,HOBBIES_1_049,11442,8.53
CA_2,HOBBIES_1_049,11443,8.53
CA_2,HOBBIES_1_049,11444,8.53
CA_2,HOBBIES_1_049,11445,8.53
CA_2,HOBBIES_1_049,11446,8.53
CA_2,HOBBIES_1_049,11447,8.53
CA_2,HOBBIES_1_049,11448,8.53
CA_2,HOBBIES_1_049,11449,8.53
CA_2,HOBBIES_1_049,11450,8.53
CA_2,HOBBIES_1_049,11451,8.53
CA_2,HOBBIES_1_049,11452,8.53
CA_2,HOBBIES_1_049,11453,8.53
CA_2,HOBBIES_1_049,11454,8.53
CA_2,HOBBIES_1_049,11455,8.53
CA_2,HOBBIES_1_049,11456,8.53
CA_2,HOBBIES_1_049,11457,8.53
CA_2,HOBBIES_1_050,11400,3.33
CA_2,HOBBIES_1_050,11401,3.33
CA_2,HOBBIES_1_050,11402,3.33
CA_2,HOBBIES_1_050,11403,3.33
CA_2,HOBBIES_1_050,11404,3.33
CA_2,HOBBIES_1_050,11405,3.33
CA_2,HOBBIES_1_050,11406,3.33
CA_2,HOBBIES_1_050,11407,3.33
CA_2,HOBBIES_1_050,11408,3.33
CA_2,HOBBIES_1_050,11409,3.33
CA_2,HOBBIES_1_050,11410,3.33
CA_2,HOBBIES_1_050,11411,3.33
CA_2,HOBBIES_1_050,11412,3.33
CA_2,HOBBIES_1_050,11413,3.33
CA_2,HOBBIES_1_050,11414,3.33
CA_2,HOBBIES_1_050,11415,3.33
CA_2,HOBBIES_1_050,11416,3.33
CA_2,HOBBIES_1_050,11417,3.33
CA_2,HOBBIES_1_050,11418,3.33
CA_2,HOBBIES_1_050,11419,3.33
CA_2,HOBBIES_1_050,11420,3.33
CA_2,HOBBIES_1_050,11421,3.33
CA_2,HOBBIES_1_050,11422,3.33
CA_2,HOBBIES_1_050,11423,3.33
CA_2,HOBBIES_1_050,11424,3.33
CA_2,HOBBIES_1_050,11425,3.33
CA_2,HOBBIES_1_050,11426,3.33
CA_2,HOBBIES_1_050,11427,3.33
CA_2,HOBBIES_1_050,11428,3.33
CA_2,HOBBIES_1_050,11429,3.33
CA_2,HOBBIES_1_050,11430,3.33
CA_2,HOBBIES_1_050,11431,3.33
CA_2,HOBBIES_1_050,11432,3.33
CA_2,HOBBIES_1_050,11433,3.33
CA_2,HOBBIES_1_050,11434,3.33
CA_2,HOBBIES_1_050,11435,3.33
CA_2,HOBBIES_1_050,11436,3.33
CA_2,HOBBIES_1_050,11437,3.33
CA_2,HOBBIES_1_050,11438,3.33
CA_2,HOBBIES_1_050,11439,3.33
CA_2,HOBBIES_1_050,11440,3.33
CA_2,HOBBIES_1_050,11441,3.33
CA_2,HOBBIES_1_050,11442,3.33
CA_2,HOBBIES_1_050,11443,3.33
CA_2,HOBBIES_1_050,11444,3.33
CA_2,HOBBIES_1_050,11445,3.33
CA_2,HOBBIES_1_050,11446,3.33
CA_2,HOBBIES_1_050,11447,3.33
CA_2,HOBBIES_1_050,11448,3.33
CA_2,HOBBIES_1_050,11449,3.33
CA_2,HOBBIES_1_050,11450,3.33
CA_2,HOBBIES_1_050,11451,3.33
CA_2,HOBBIES_1_050,11452,3.33
CA_2,HOBBIES_1_050,11453,3.33
CA_2,HOBBIES_1_050,11454,3.33
CA_2,HOBBIES_1_050,11455,3.33
CA_2,HOBBIES_1_050,11456,3.33
CA_2,HOBBIES_1_050,11457,3.33
